/*insert ptojects*/
INSERT INTO `project` (`ID`, `title`, `funds`, `start_date`, `end_date`, `summary`, `duration`) VALUES
(1, ' Neural Mechanisms of Avoidance Learning', 9705883, '2021-07-24', '2023-07-24 ', 'Nullam sit amet turpis elementum ligula vehicula consequat. Morbi a ipsum. Integer a nibh.', 0),
(2, 'Nanotechnology	for	Health,	Energy,	& the Environme', 3536843, '2003-04-16', '2005-04-16 ', 'Morbi non lectus. Aliquam sit amet diam in magna bibendum imperdiet. Nullam orci pede, venenatis non, sodales sed, tincidunt eu, felis.\n\nFusce posuere felis sed lacus. Morbi sem mauris, laoreet ut, rhoncus aliquet, pulvinar sed, nisl. Nunc rhoncus dui vel sem.\n\nSed sagittis. Nam congue, risus semper porta volutpat, quam pede lobortis ligula, sit amet eleifend pede libero quis orci. Nullam molestie nibh in lectus.', 0),
(3, 'Integrative Cell and Molecular	Biology', 8298992, '2010-01-10', '2014-01-10 ', 'Pellentesque at nulla. Suspendisse potenti. Cras in purus eu magna vulputate luctus.\n\nCum sociis natoque penatibus et magnis dis parturient montes, nascetur ridiculus mus. Vivamus vestibulum sagittis sapien. Cum sociis natoque penatibus et magnis dis parturient montes, nascetur ridiculus mus.\n\nEtiam vel augue. Vestibulum rutrum rutrum neque. Aenean auctor gravida sem.', 0),
(4, 'Effects of neurosteroids or traumatic brain injury on epileptogenesis', 3041785, '2008-12-31', '2010-12-31 ', 'Nulla ut erat id mauris vulputate elementum. Nullam varius. Nulla facilisi.\n\nCras non velit nec nisi vulputate nonummy. Maecenas tincidunt lacus at velit. Vivamus vel nulla eget eros elementum pellentesque.', 0),
(5, 'Sensor Signal and Information Processing', 417613, '2021-10-01', '2022-10-01 ', 'Pellentesque at nulla. Suspendisse potenti. Cras in purus eu magna vulputate luctus.\n\nCum sociis natoque penatibus et magnis dis parturient montes, nascetur ridiculus mus. Vivamus vestibulum sagittis sapien. Cum sociis natoque penatibus et magnis dis parturient montes, nascetur ridiculus mus.', 0),
(6, 'Computational Imaging and Mixed-Reality ', 9330747, '2008-08-31', '2011-08-31 ', 'Sed ante. Vivamus tortor. Duis mattis egestas metus.\n\nAenean fermentum. Donec ut mauris eget massa tempor convallis. Nulla neque libero, convallis eget, eleifend luctus, ultricies eu, nibh.\n\nQuisque id justo sit amet sapien dignissim vestibulum. Vestibulum ante ipsum primis in faucibus orci luctus et ultrices posuere cubilia Curae; Nulla dapibus dolor vel est. Donec odio justo, sollicitudin ut, suscipit a, feugiat et, eros.', 0),
(7, 'Applied Mathematics and Computational Modeling', 7685271, '2013-12-18', '2016-12-18 ', 'Aenean fermentum. Donec ut mauris eget massa tempor convallis. Nulla neque libero, convallis eget, eleifend luctus, ultricies eu, nibh.\n\nQuisque id justo sit amet sapien dignissim vestibulum. Vestibulum ante ipsum primis in faucibus orci luctus et ultrices posuere cubilia Curae; Nulla dapibus dolor vel est. Donec odio justo, sollicitudin ut, suscipit a, feugiat et, eros.\n\nVestibulum ac est lacinia nisi venenatis tristique. Fusce congue, diam id ornare imperdiet, sapien urna pretium nisl, ut volu', 0),
(8, 'Warm-water aquatic ecology', 3069165, '2008-03-25', '2011-03-25 ', 'In quis justo. Maecenas rhoncus aliquam lacus. Morbi quis tortor id nulla ultrices aliquet.\n\nMaecenas leo odio, condimentum id, luctus nec, molestie sed, justo. Pellentesque viverra pede ac diam. Cras pellentesque volutpat dui.\n\nMaecenas tristique, est et tempus semper, est quam pharetra magna, ac consequat metus sapien ut nunc. Vestibulum ante ipsum primis in faucibus orci luctus et ultrices posuere cubilia Curae; Mauris viverra diam vitae quam. Suspendisse potenti.', 0),
(9, 'Renewable Energy Generation and Storage', 727607, '1994-05-13', '1998-05-13 ', 'Etiam vel augue. Vestibulum rutrum rutrum neque. Aenean auctor gravida sem.\n\nPraesent id massa id nisl venenatis lacinia. Aenean sit amet justo. Morbi ut odio.\n\nCras mi pede, malesuada in, imperdiet et, commodo vulputate, justo. In blandit ultrices enim. Lorem ipsum dolor sit amet, consectetuer adipiscing elit.', 0),
(10, 'Biology of animal movement and performance', 7015883, '2010-03-16', '2012-03-16 ', 'Nam ultrices, libero non mattis pulvinar, nulla pede ullamcorper augue, a suscipit nulla elit ac nulla. Sed vel enim sit amet nunc viverra dapibus. Nulla suscipit ligula in lacus.', 0),
(11, 'Artificial Intelligence ', 9642893, '1990-04-08', '1993-04-08 ', 'Praesent blandit. Nam nulla. Integer pede justo, lacinia eget, tincidunt eget, tempus vel, pede.\n\nMorbi porttitor lorem id ligula. Suspendisse ornare consequat lectus. In est risus, auctor sed, tristique in, tempus sit amet, sem.\n\nFusce consequat. Nulla nisl. Nunc nisl.', 0),
(12, 'Investigations in Geometry', 6974835, '1997-05-01', '1999-05-01 ', 'Lorem ipsum dolor sit amet, consectetuer adipiscing elit. Proin risus. Praesent lectus.\n\nVestibulum quam sapien, varius ut, blandit non, interdum in, ante. Vestibulum ante ipsum primis in faucibus orci luctus et ultrices posuere cubilia Curae; Duis faucibus accumsan odio. Curabitur convallis.\n\nDuis consequat dui nec nisi volutpat eleifend. Donec ut dolor. Morbi vel lectus in quam fringilla rhoncus.', 0),
(13, 'Investigations in Knot Theory', 6970425, '1993-05-02', '1995-05-02 ', 'Duis consequat dui nec nisi volutpat eleifend. Donec ut dolor. Morbi vel lectus in quam fringilla rhoncus.', 0),
(14, 'Changing Dynamics of Hydrological Systems in Urban', 7664549, '2009-05-07', '2012-05-07 ', 'Lorem ipsum dolor sit amet, consectetuer adipiscing elit. Proin risus. Praesent lectus.\n\nVestibulum quam sapien, varius ut, blandit non, interdum in, ante. Vestibulum ante ipsum primis in faucibus orci luctus et ultrices posuere cubilia Curae; Duis faucibus accumsan odio. Curabitur convallis.\n\nDuis consequat dui nec nisi volutpat eleifend. Donec ut dolor. Morbi vel lectus in quam fringilla rhoncus.', 0),
(15, 'The Plasticity of Cells, Organisms, and Communitie', 632309, '2002-10-04', '2003-10-04', 'Curabitur gravida nisi at nibh. In hac habitasse platea dictumst. Aliquam augue quam, sollicitudin vitae, consectetuer eget, rutrum at, lorem.\n\nInteger tincidunt ante vel ipsum. Praesent blandit lacinia erat. Vestibulum sed magna at nunc commodo placerat.\n\nPraesent blandit. Nam nulla. Integer pede justo, lacinia eget, tincidunt eget, tempus vel, pede.', 0),
(16, 'Coding Theory, Cryptography, and Number Theory', 9257913, '1992-01-25', '1995-01-25 ', 'Quisque porta volutpat erat. Quisque erat eros, viverra eget, congue eget, semper rutrum, nulla. Nunc purus.', 0),
(17, 'Engineering and Computing in Rehabilitation and Assistive Technologies ', 3738666, '2010-11-21', '2013-11-21 ', 'Maecenas tristique, est et tempus semper, est quam pharetra magna, ac consequat metus sapien ut nunc. Vestibulum ante ipsum primis in faucibus orci luctus et ultrices posuere cubilia Curae; Mauris viverra diam vitae quam. Suspendisse potenti.', 0),
(18, 'CSHL NSF-REU Bioinformatics and Computational Neuroscience', 9394669, '2001-09-26', '2004-09-26 ', 'Aenean fermentum. Donec ut mauris eget massa tempor convallis. Nulla neque libero, convallis eget, eleifend luctus, ultricies eu, nibh.\n\nQuisque id justo sit amet sapien dignissim vestibulum. Vestibulum ante ipsum primis in faucibus orci luctus et ultrices posuere cubilia Curae; Nulla dapibus dolor vel est. Donec odio justo, sollicitudin ut, suscipit a, feugiat et, eros.', 0),
(19, 'Resilience and Response of Marine Organisms to Environmental Change', 8147142, '2010-11-24', '2011-11-24', 'In congue. Etiam justo. Etiam pretium iaculis justo.', 0),
(20, 'COVID 19 impacts on health and food insecurity', 1568897, '2021-01-01', '2022-01-15 ', 'Aenean fermentum. Donec ut mauris eget massa tempor convallis. Nulla neque libero, convallis eget, eleifend luctus, ultricies eu, nibh.', 0),
(21, 'Extreme Ultraviolet Laser Science and Technology', 480907, '2002-08-27', '2004-08-27 ', 'Proin leo odio, porttitor id, consequat in, consequat ut, nulla. Sed accumsan felis. Ut at dolor quis odio consequat varius.\n\nInteger ac leo. Pellentesque ultrices mattis odio. Donec vitae nisi.', 0),
(22, 'Chemistry Applied to Real World Problems ', 2928629, '2013-08-06', '2017-08-06 ', 'Morbi non lectus. Aliquam sit amet diam in magna bibendum imperdiet. Nullam orci pede, venenatis non, sodales sed, tincidunt eu, felis.\n\nFusce posuere felis sed lacus. Morbi sem mauris, laoreet ut, rhoncus aliquet, pulvinar sed, nisl. Nunc rhoncus dui vel sem.\n\nSed sagittis. Nam congue, risus semper porta volutpat, quam pede lobortis ligula, sit amet eleifend pede libero quis orci. Nullam molestie nibh in lectus.', 0),
(23, 'Airborne Connections: From Emission Source to Impact to Solution', 2480177, '2011-05-21', '2012-05-21 ', 'Sed ante. Vivamus tortor. Duis mattis egestas metus.\n\nAenean fermentum. Donec ut mauris eget massa tempor convallis. Nulla neque libero, convallis eget, eleifend luctus, ultricies eu, nibh.\n\nQuisque id justo sit amet sapien dignissim vestibulum. Vestibulum ante ipsum primis in faucibus orci luctus et ultrices posuere cubilia Curae; Nulla dapibus dolor vel est. Donec odio justo, sollicitudin ut, suscipit a, feugiat et, eros.', 0),
(24, ' Program in Molecular Biosciences', 9918403, '2010-06-23', '2014-06-23 ', 'In congue. Etiam justo. Etiam pretium iaculis justo.\n\nIn hac habitasse platea dictumst. Etiam faucibus cursus urna. Ut tellus.', 0),
(25, 'Precision Assembly of Superstratic and Superatomic Solids', 1164746, '2014-10-28', '2018-10-28 ', 'In hac habitasse platea dictumst. Morbi vestibulum, velit id pretium iaculis, diam erat fermentum justo, nec condimentum neque sapien placerat ante. Nulla justo.\n\nAliquam quis turpis eget elit sodales scelerisque. Mauris sit amet eros. Suspendisse accumsan tortor quis turpis.', 0),
(26, 'Connecting Climate to Communities', 2512365, '2005-11-26', '2009-11-26', 'Proin eu mi. Nulla ac enim. In tempor, turpis nec euismod scelerisque, quam turpis adipiscing lorem, vitae mattis nibh ligula nec sem.', 0),
(27, 'Analyzing Global Databases', 9455543, '2007-09-26', '2011-09-26', 'Nullam porttitor lacus at turpis. Donec posuere metus vitae ipsum. Aliquam non mauris.\n\nMorbi non lectus. Aliquam sit amet diam in magna bibendum imperdiet. Nullam orci pede, venenatis non, sodales sed, tincidunt eu, felis.', 0),
(28, 'Security and Privacy for Mobile Sensing and the Internet of Things', 5225481, '1999-12-06', '2001-12-06 ', 'Nulla ut erat id mauris vulputate elementum. Nullam varius. Nulla facilisi.\n\nCras non velit nec nisi vulputate nonummy. Maecenas tincidunt lacus at velit. Vivamus vel nulla eget eros elementum pellentesque.\n\nQuisque porta volutpat erat. Quisque erat eros, viverra eget, congue eget, semper rutrum, nulla. Nunc purus.', 0),
(29, ' Architecture of Earthquakes in the Deep Crust', 6089879, '2007-03-21', '2011-03-21', 'Cras non velit nec nisi vulputate nonummy. Maecenas tincidunt lacus at velit. Vivamus vel nulla eget eros elementum pellentesque.\n\nQuisque porta volutpat erat. Quisque erat eros, viverra eget, congue eget, semper rutrum, nulla. Nunc purus.', 0),
(30, 'Graph Mining in Cloud Computing and Cybersecurity', 5573134, '1996-02-25', '1997-02-25', 'Nullam sit amet turpis elementum ligula vehicula consequat. Morbi a ipsum. Integer a nibh.\n\nIn quis justo. Maecenas rhoncus aliquam lacus. Morbi quis tortor id nulla ultrices aliquet.', 0),
(31, 'Astrophysics and Planetary Science Research at Cornell University', 4034633, '2006-10-13', '2008-10-13', 'In quis justo. Maecenas rhoncus aliquam lacus. Morbi quis tortor id nulla ultrices aliquet.\n\nMaecenas leo odio, condimentum id, luctus nec, molestie sed, justo. Pellentesque viverra pede ac diam. Cras pellentesque volutpat dui.\n\nMaecenas tristique, est et tempus semper, est quam pharetra magna, ac consequat metus sapien ut nunc. Vestibulum ante ipsum primis in faucibus orci luctus et ultrices posuere cubilia Curae; Mauris viverra diam vitae quam. Suspendisse potenti.', 0),
(32, 'Accelerator Physics and Synchrotron Radiation Science', 5744200, '1989-11-09', '1991-11-09', 'Sed sagittis. Nam congue, risus semper porta volutpat, quam pede lobortis ligula, sit amet eleifend pede libero quis orci. Nullam molestie nibh in lectus.\n\nPellentesque at nulla. Suspendisse potenti. Cras in purus eu magna vulputate luctus.\n\nCum sociis natoque penatibus et magnis dis parturient montes, nascetur ridiculus mus. Vivamus vestibulum sagittis sapien. Cum sociis natoque penatibus et magnis dis parturient montes, nascetur ridiculus mus.', 0),
(33, ' Development of thermal energy storage aggregate to increase energy efficiency of building', 1429476, '2020-01-10', '2022-01-10', 'Fusce consequat. Nulla nisl. Nunc nisl.', 0),
(34, 'Dynamics, Probability, and Partial Differential Equations in Pure and Applied Mathematics', 2194318, '1998-03-27', '2000-03-27', 'Praesent blandit. Nam nulla. Integer pede justo, lacinia eget, tincidunt eget, tempus vel, pede.\n\nMorbi porttitor lorem id ligula. Suspendisse ornare consequat lectus. In est risus, auctor sed, tristique in, tempus sit amet, sem.\n\nFusce consequat. Nulla nisl. Nunc nisl.', 0),
(35, 'Molecular Biology and Genetics of Cell Signaling', 5044147, '1990-04-10', '1993-04-10 ', 'Proin leo odio, porttitor id, consequat in, consequat ut, nulla. Sed accumsan felis. Ut at dolor quis odio consequat varius.\n\nInteger ac leo. Pellentesque ultrices mattis odio. Donec vitae nisi.', 0),
(36, 'Performance of Superalloys under Non-Isothermal Loading Conditions', 2316631, '1994-01-11', '1996-01-11 ', 'Aenean fermentum. Donec ut mauris eget massa tempor convallis. Nulla neque libero, convallis eget, eleifend luctus, ultricies eu, nibh.\n\nQuisque id justo sit amet sapien dignissim vestibulum. Vestibulum ante ipsum primis in faucibus orci luctus et ultrices posuere cubilia Curae; Nulla dapibus dolor vel est. Donec odio justo, sollicitudin ut, suscipit a, feugiat et, eros.\n\nVestibulum ac est lacinia nisi venenatis tristique. Fusce congue, diam id ornare imperdiet, sapien urna pretium nisl, ut volu', 0),
(37, 'Modeling Catastrophic Thermal Runaway of Lithium Ion Batteries', 9356929, '2021-07-22', '2022-07-22 ', 'In congue. Etiam justo. Etiam pretium iaculis justo.', 0),
(38, 'Training in Basic and Applied Psychological Science', 3959128, '2001-05-22', '2004-05-22 ', 'Lorem ipsum dolor sit amet, consectetuer adipiscing elit. Proin risus. Praesent lectus.\n\nVestibulum quam sapien, varius ut, blandit non, interdum in, ante. Vestibulum ante ipsum primis in faucibus orci luctus et ultrices posuere cubilia Curae; Duis faucibus accumsan odio. Curabitur convallis.\n\nDuis consequat dui nec nisi volutpat eleifend. Donec ut dolor. Morbi vel lectus in quam fringilla rhoncus.', 0),
(39, 'Visual Stimuli & Social Media Engagement', 5778327, '2020-05-07', '2023-05-07 ', 'Curabitur at ipsum ac tellus semper interdum. Mauris ullamcorper purus sit amet nulla. Quisque arcu libero, rutrum ac, lobortis vel, dapibus at, diam.', 0),
(40, 'Computer and Cyber Sciences', 7388796, '2017-02-03', '2019-02-03 ', 'In hac habitasse platea dictumst. Etiam faucibus cursus urna. Ut tellus.\n\nNulla ut erat id mauris vulputate elementum. Nullam varius. Nulla facilisi.\n\nCras non velit nec nisi vulputate nonummy. Maecenas tincidunt lacus at velit. Vivamus vel nulla eget eros elementum pellentesque.', 0),
(41, 'Calculating Malware Similarity Scores through the use of Code Clones', 3027565, '1998-07-28', '2002-07-28', 'In congue. Etiam justo. Etiam pretium iaculis justo.\n\nIn hac habitasse platea dictumst. Etiam faucibus cursus urna. Ut tellus.', 0),
(42, 'Obesity and Postmenopausal Breast Cancer', 2489733, '1997-02-08', '2000-02-08', 'Curabitur at ipsum ac tellus semper interdum. Mauris ullamcorper purus sit amet nulla. Quisque arcu libero, rutrum ac, lobortis vel, dapibus at, diam.', 0),
(43, 'Statistical analysis of data from wearable devices with software development', 5789508, '1999-06-28', '2000-06-28 ', 'In congue. Etiam justo. Etiam pretium iaculis justo.\n\nIn hac habitasse platea dictumst. Etiam faucibus cursus urna. Ut tellus.', 0),
(44, ' Research in estuarine and coastal marine systems', 782863, '1992-02-17', '1995-02-17 ', 'Proin eu mi. Nulla ac enim. In tempor, turpis nec euismod scelerisque, quam turpis adipiscing lorem, vitae mattis nibh ligula nec sem.\n\nDuis aliquam convallis nunc. Proin at turpis a pede posuere nonummy. Integer non velit.\n\nDonec diam neque, vestibulum eget, vulputate ut, ultrices vel, augue. Vestibulum ante ipsum primis in faucibus orci luctus et ultrices posuere cubilia Curae; Donec pharetra, magna vestibulum aliquet ultrices, erat tortor sollicitudin mi, sit amet lobortis sapien sapien non m', 0),
(45, 'Lifespan Approaches to Diverse Psychological Science', 8619652, '2010-10-05', '2012-10-05', 'In hac habitasse platea dictumst. Etiam faucibus cursus urna. Ut tellus.\n\nNulla ut erat id mauris vulputate elementum. Nullam varius. Nulla facilisi.\n\nCras non velit nec nisi vulputate nonummy. Maecenas tincidunt lacus at velit. Vivamus vel nulla eget eros elementum pellentesque.', 0),
(46, 'Tribological (frictional force) study of Micro-fluids or lubricants for electric vehicles', 2009738, '2010-04-17', '2011-04-17 ', 'Proin eu mi. Nulla ac enim. In tempor, turpis nec euismod scelerisque, quam turpis adipiscing lorem, vitae mattis nibh ligula nec sem.\n\nDuis aliquam convallis nunc. Proin at turpis a pede posuere nonummy. Integer non velit.', 0),
(47, 'Experimental and Computational Research in Chemistry and Biochemistry', 829382, '2019-07-03', '2022-07-03 ', 'Quisque id justo sit amet sapien dignissim vestibulum. Vestibulum ante ipsum primis in faucibus orci luctus et ultrices posuere cubilia Curae; Nulla dapibus dolor vel est. Donec odio justo, sollicitudin ut, suscipit a, feugiat et, eros.', 0),
(48, 'Biomedical Engineering in Stimulations, Imaging, and Modeling', 4726233, '2009-06-06', '2012-06-06 ', 'Fusce posuere felis sed lacus. Morbi sem mauris, laoreet ut, rhoncus aliquet, pulvinar sed, nisl. Nunc rhoncus dui vel sem.\n\nSed sagittis. Nam congue, risus semper porta volutpat, quam pede lobortis ligula, sit amet eleifend pede libero quis orci. Nullam molestie nibh in lectus.\n\nPellentesque at nulla. Suspendisse potenti. Cras in purus eu magna vulputate luctus.', 0),
(49, 'Software and Data Analytics', 6212826, '1990-07-19', '1992-07-19 ', 'Duis aliquam convallis nunc. Proin at turpis a pede posuere nonummy. Integer non velit.', 0),
(50, 'Combinatorics, Probability, and Algebraic Coding Theory', 3330246, '2020-06-09', '2022-06-09', 'Maecenas ut massa quis augue luctus tincidunt. Nulla mollis molestie lorem. Quisque ut erat.\n\nCurabitur gravida nisi at nibh. In hac habitasse platea dictumst. Aliquam augue quam, sollicitudin vitae, consectetuer eget, rutrum at, lorem.\n\nInteger tincidunt ante vel ipsum. Praesent blandit lacinia erat. Vestibulum sed magna at nunc commodo placerat.', 0),
(51, ' Research Projects in Data-Enabled Industrial Mathematics', 5293435, '2013-02-28', '2014-02-28', 'Cras non velit nec nisi vulputate nonummy. Maecenas tincidunt lacus at velit. Vivamus vel nulla eget eros elementum pellentesque.', 0),
(52, ' Sensing and Embedded Network Systems Engineering', 5022727, '2002-02-01', '2003-02-01', 'Curabitur in libero ut massa volutpat convallis. Morbi odio odio, elementum eu, interdum eu, tincidunt in, leo. Maecenas pulvinar lobortis est.', 0),
(53, 'Statistical Models with Applications to Geoscience', 1759074, '2015-06-24', '2017-06-24', 'In hac habitasse platea dictumst. Morbi vestibulum, velit id pretium iaculis, diam erat fermentum justo, nec condimentum neque sapien placerat ante. Nulla justo.\n\nAliquam quis turpis eget elit sodales scelerisque. Mauris sit amet eros. Suspendisse accumsan tortor quis turpis.', 0),
(54, 'Genetic background-dependent effects of cooperating mutations during colorectal cancer metastasis', 8796937, '1999-11-15', '2000-11-15', 'Proin eu mi. Nulla ac enim. In tempor, turpis nec euismod scelerisque, quam turpis adipiscing lorem, vitae mattis nibh ligula nec sem.\n\nDuis aliquam convallis nunc. Proin at turpis a pede posuere nonummy. Integer non velit.', 0),
(55, ' Understanding Coastal Ecosystems – From the Everglades to the Coral Reefs', 7663224, '2018-04-08', '2021-04-08', 'Curabitur gravida nisi at nibh. In hac habitasse platea dictumst. Aliquam augue quam, sollicitudin vitae, consectetuer eget, rutrum at, lorem.', 0),
(56, 'Security of Smart Things', 5982705, '1997-03-04', '1999-03-04 ', 'Duis aliquam convallis nunc. Proin at turpis a pede posuere nonummy. Integer non velit.', 0),
(57, 'Sunshine Institute for the Interaction of Light with Matter', 421321, '1996-09-07', '2000-09-07', 'In congue. Etiam justo. Etiam pretium iaculis justo.\n\nIn hac habitasse platea dictumst. Etiam faucibus cursus urna. Ut tellus.', 0),
(58, ' Examining the Effectiveness and Quality of Employment Related Social Skills Interventions', 1582145, '2007-06-23', '2008-06-23', 'Phasellus sit amet erat. Nulla tempus. Vivamus in felis eu sapien cursus vestibulum.\n\nProin eu mi. Nulla ac enim. In tempor, turpis nec euismod scelerisque, quam turpis adipiscing lorem, vitae mattis nibh ligula nec sem.', 0),
(59, ' Multi-physics of Active Systems and Structures', 6164508, '2003-10-18', '2005-10-18 ', 'Curabitur at ipsum ac tellus semper interdum. Mauris ullamcorper purus sit amet nulla. Quisque arcu libero, rutrum ac, lobortis vel, dapibus at, diam.', 0),
(60, 'Stimulating plant growth for Mars Exploration via Carbon Dioxide Capture And Metal-Organic Framework', 8408073, '2012-10-04', '2014-10-04', 'Sed sagittis. Nam congue, risus semper porta volutpat, quam pede lobortis ligula, sit amet eleifend pede libero quis orci. Nullam molestie nibh in lectus.', 0),
(61, 'Nanotechnology Coordinated Infrastructure', 9058622, '2009-01-11', '2011-01-11', 'Sed ante. Vivamus tortor. Duis mattis egestas metus.\n\nAenean fermentum. Donec ut mauris eget massa tempor convallis. Nulla neque libero, convallis eget, eleifend luctus, ultricies eu, nibh.\n\nQuisque id justo sit amet sapien dignissim vestibulum. Vestibulum ante ipsum primis in faucibus orci luctus et ultrices posuere cubilia Curae; Nulla dapibus dolor vel est. Donec odio justo, sollicitudin ut, suscipit a, feugiat et, eros.', 0),
(62, ' Propulsion, Aerodynamics, Materials and Controls of Aerial Vehicles', 964476, '1995-10-10', '1998-10-10', 'In hac habitasse platea dictumst. Etiam faucibus cursus urna. Ut tellus.\n\nNulla ut erat id mauris vulputate elementum. Nullam varius. Nulla facilisi.', 0),
(63, 'Understanding the role of support networks on sexual violence survivors’ wellbeing in the Me Too era', 5426375, '2021-01-14', '2022-01-14', 'Donec diam neque, vestibulum eget, vulputate ut, ultrices vel, augue. Vestibulum ante ipsum primis in faucibus orci luctus et ultrices posuere cubilia Curae; Donec pharetra, magna vestibulum aliquet ultrices, erat tortor sollicitudin mi, sit amet lobortis sapien sapien non mi. Integer ac neque.', 0),
(64, 'Owls Training at Hogwarts', 3786106, '2012-04-15', '2014-04-15', 'Integer ac leo. Pellentesque ultrices mattis odio. Donec vitae nisi.\n\nNam ultrices, libero non mattis pulvinar, nulla pede ullamcorper augue, a suscipit nulla elit ac nulla. Sed vel enim sit amet nunc viverra dapibus. Nulla suscipit ligula in lacus.', 0),
(65, 'Lazers applications on hgigh-precision bacon cutting', 8422732, '2019-05-24', '2022-05-24', 'Cum sociis natoque penatibus et magnis dis parturient montes, nascetur ridiculus mus. Vivamus vestibulum sagittis sapien. Cum sociis natoque penatibus et magnis dis parturient montes, nascetur ridiculus mus.\n\nEtiam vel augue. Vestibulum rutrum rutrum neque. Aenean auctor gravida sem.\n\nPraesent id massa id nisl venenatis lacinia. Aenean sit amet justo. Morbi ut odio.', 0),
(66, 'Applications of machine learning on Cancer Research', 5312332, '2021-07-16', '2022-07-16', 'Vestibulum quam sapien, varius ut, blandit non, interdum in, ante. Vestibulum ante ipsum primis in faucibus orci luctus et ultrices posuere cubilia Curae; Duis faucibus accumsan odio. Curabitur convallis.\n\nDuis consequat dui nec nisi volutpat eleifend. Donec ut dolor. Morbi vel lectus in quam fringilla rhoncus.', 0),
(67, 'Space hotels; investing in the future ', 7279053, '1998-10-19', '2001-10-19', 'Proin leo odio, porttitor id, consequat in, consequat ut, nulla. Sed accumsan felis. Ut at dolor quis odio consequat varius.\n\nInteger ac leo. Pellentesque ultrices mattis odio. Donec vitae nisi.\n\nNam ultrices, libero non mattis pulvinar, nulla pede ullamcorper augue, a suscipit nulla elit ac nulla. Sed vel enim sit amet nunc viverra dapibus. Nulla suscipit ligula in lacus.', 0),
(68, 'Mars colonization and applications of CRISPR', 8649961, '2009-07-29', '2010-07-29', 'Curabitur in libero ut massa volutpat convallis. Morbi odio odio, elementum eu, interdum eu, tincidunt in, leo. Maecenas pulvinar lobortis est.\n\nPhasellus sit amet erat. Nulla tempus. Vivamus in felis eu sapien cursus vestibulum.\n\nProin eu mi. Nulla ac enim. In tempor, turpis nec euismod scelerisque, quam turpis adipiscing lorem, vitae mattis nibh ligula nec sem.', 0),
(69, 'PANKS project', 227602, '2020-02-17', '2023-02-17 ', 'Fusce posuere felis sed lacus. Morbi sem mauris, laoreet ut, rhoncus aliquet, pulvinar sed, nisl. Nunc rhoncus dui vel sem.\n\nSed sagittis. Nam congue, risus semper porta volutpat, quam pede lobortis ligula, sit amet eleifend pede libero quis orci. Nullam molestie nibh in lectus.\n\nPellentesque at nulla. Suspendisse potenti. Cras in purus eu magna vulputate luctus.', 0),
(70, 'Project Lighting', 2388668, '2001-11-22', '2004-11-22 ', 'Curabitur in liber',0),
(71, 'Count Dracula (Nachts, wenn Dracula erwacht)', 1309592, '2022-01-04', '2024-09-11', 'Mauris enim leo, rhoncus sed, vestibulum sit amet, cursus id, turpis. Integer aliquet, massa id lobortis convallis, tortor risus dapibus augue, vel accumsan tellus nisi eu orci. Mauris lacinia sapien quis libero.

Nullam sit amet turpis elementum ligula vehicula consequat. Morbi a ipsum. Integer a nibh.', null),
(72, 'War of the Buttons', 3594574, '2022-01-05', '2024-07-21', 'Morbi porttitor lorem id ligula. Suspendisse ornare consequat lectus. In est risus, auctor sed, tristique in, tempus sit amet, sem.', null),
(73, 'Easy A', 7667929, '2022-01-01', '2024-09-24', 'Cras non velit nec nisi vulputate nonummy. Maecenas tincidunt lacus at velit. Vivamus vel nulla eget eros elementum pellentesque.

Quisque porta volutpat erat. Quisque erat eros, viverra eget, congue eget, semper rutrum, nulla. Nunc purus.

Phasellus in felis. Donec semper sapien a libero. Nam dui.', null),
(74, 'See No Evil, Hear No Evil', 3263680, '2022-01-04', '2024-06-25', 'Duis bibendum, felis sed interdum venenatis, turpis enim blandit mi, in porttitor pede justo eu massa. Donec dapibus. Duis at velit eu est congue elementum.

In hac habitasse platea dictumst. Morbi vestibulum, velit id pretium iaculis, diam erat fermentum justo, nec condimentum neque sapien placerat ante. Nulla justo.', null),
(75, 'Limbo', 7835688, '2022-01-03', '2024-08-12', 'In congue. Etiam justo. Etiam pretium iaculis justo.', null),
(76, 'Harvie Krumpet', 6586442, '2022-01-02', '2024-06-21', 'In hac habitasse platea dictumst. Morbi vestibulum, velit id pretium iaculis, diam erat fermentum justo, nec condimentum neque sapien placerat ante. Nulla justo.

Aliquam quis turpis eget elit sodales scelerisque. Mauris sit amet eros. Suspendisse accumsan tortor quis turpis.

Sed ante. Vivamus tortor. Duis mattis egestas metus.', null),
(77, 'Chris Rock: Bigger & Blacker', 8153823, '2022-01-05', '2024-09-10', 'Lorem ipsum dolor sit amet, consectetuer adipiscing elit. Proin risus. Praesent lectus.

Vestibulum quam sapien, varius ut, blandit non, interdum in, ante. Vestibulum ante ipsum primis in faucibus orci luctus et ultrices posuere cubilia Curae; Duis faucibus accumsan odio. Curabitur convallis.

Duis consequat dui nec nisi volutpat eleifend. Donec ut dolor. Morbi vel lectus in quam fringilla rhoncus.', null),
(78, 'Teen Wolf', 3876242, '2022-01-02', '2024-01-13', 'Proin interdum mauris non ligula pellentesque ultrices. Phasellus id sapien in sapien iaculis congue. Vivamus metus arcu, adipiscing molestie, hendrerit at, vulputate vitae, nisl.

Aenean lectus. Pellentesque eget nunc. Donec quis orci eget orci vehicula condimentum.', null),
 (79, 'Jay and Silent Bob Go Down Under', 2945560, '2022-01-04', '2024-04-03', 'Maecenas leo odio, condimentum id, luctus nec, molestie sed, justo. Pellentesque viverra pede ac diam. Cras pellentesque volutpat dui.', null),
 (80, 'Honeymoon', 7631891, '2022-01-04', '2024-07-04', 'Maecenas leo odio, condimentum id, luctus nec, molestie sed, justo. Pellentesque viverra pede ac diam. Cras pellentesque volutpat dui.

Maecenas tristique, est et tempus semper, est quam pharetra magna, ac consequat metus sapien ut nunc. Vestibulum ante ipsum primis in faucibus orci luctus et ultrices posuere cubilia Curae; Mauris viverra diam vitae quam. Suspendisse potenti.', null),
(81, 'Front Line, The (Go-ji-jeon)', 8077323, '2021-01-03', '2024-06-27', 'Nulla ut erat id mauris vulputate elementum. Nullam varius. Nulla facilisi.

Cras non velit nec nisi vulputate nonummy. Maecenas tincidunt lacus at velit. Vivamus vel nulla eget eros elementum pellentesque.', null),
 (82, 'Garbage Prince', 5439254, '2021-01-04', '2024-04-21', 'In hac habitasse platea dictumst. Etiam faucibus cursus urna. Ut tellus.', null),
 (83, 'Thrashin''', 9003498, '2021-01-04', '2024-04-05', 'In congue. Etiam justo. Etiam pretium iaculis justo.

In hac habitasse platea dictumst. Etiam faucibus cursus urna. Ut tellus.', null),
(84, 'Asylum', 8415666, '2021-01-05', '2024-07-29', 'Maecenas tristique, est et tempus semper, est quam pharetra magna, ac consequat metus sapien ut nunc. Vestibulum ante ipsum primis in faucibus orci luctus et ultrices posuere cubilia Curae; Mauris viverra diam vitae quam. Suspendisse potenti.

Nullam porttitor lacus at turpis. Donec posuere metus vitae ipsum. Aliquam non mauris.', null),
(85, 'In-Laws, The', 9472128, '2021-01-02', '2024-06-07', 'Etiam vel augue. Vestibulum rutrum rutrum neque. Aenean auctor gravida sem.

Praesent id massa id nisl venenatis lacinia. Aenean sit amet justo. Morbi ut odio.', null),
(86, 'My Life Without Me', 436842, '2021-01-03', '2024-03-01', 'Cras non velit nec nisi vulputate nonummy. Maecenas tincidunt lacus at velit. Vivamus vel nulla eget eros elementum pellentesque.

Quisque porta volutpat erat. Quisque erat eros, viverra eget, congue eget, semper rutrum, nulla. Nunc purus.', null),
(87, 'Home for the Holidays', 3947442, '2021-01-04', '2024-09-10', 'Fusce posuere felis sed lacus. Morbi sem mauris, laoreet ut, rhoncus aliquet, pulvinar sed, nisl. Nunc rhoncus dui vel sem.

Sed sagittis. Nam congue, risus semper porta volutpat, quam pede lobortis ligula, sit amet eleifend pede libero quis orci. Nullam molestie nibh in lectus.', null),
(88, 'Dawn Patrol, The', 7664739, '2021-01-01', '2024-02-04', 'Curabitur in libero ut massa volutpat convallis. Morbi odio odio, elementum eu, interdum eu, tincidunt in, leo. Maecenas pulvinar lobortis est.

Phasellus sit amet erat. Nulla tempus. Vivamus in felis eu sapien cursus vestibulum.

Proin eu mi. Nulla ac enim. In tempor, turpis nec euismod scelerisque, quam turpis adipiscing lorem, vitae mattis nibh ligula nec sem.', null),
(89, 'League of Their Own, A', 6124995, '2021-01-03', '2024-05-22', 'In quis justo. Maecenas rhoncus aliquam lacus. Morbi quis tortor id nulla ultrices aliquet.', null),
(90, 'Shocker', 6792775, '2021-01-04', '2024-08-06', 'In sagittis dui vel nisl. Duis ac nibh. Fusce lacus purus, aliquet at, feugiat non, pretium quis, lectus.', null);

INSERT INTO `researcher` (`ID`, `name`, `surname`, `date_of_birth`, `sex`, `age`) VALUES
(1, 'Dreddy', 'Varga', '1968-10-27', 'Female', NULL),
(2, 'Jammal', 'Keiley', '1968-04-25', 'Male', NULL),
(3, 'Clarance', 'Obern', '1960-01-04', 'Male', NULL),
(4, 'Gus', 'Simester', '1988-03-22', 'Male', NULL),
(5, 'Samantha', 'Roizn', '1970-05-24', 'Female', NULL),
(6, 'Donnie', 'Snasel', '1991-12-15', 'Male', NULL),
(7, 'Heywood', 'Maud', '1958-03-19', 'Male', NULL),
(8, 'Dita', 'Tutt', '1994-05-14', 'Female', NULL),
(9, 'Portie', 'Kirsz', '1965-10-23', 'Male', NULL),
(10, 'Tye', 'Pikesley', '1968-12-26', 'Male', NULL),
(11, 'Tyson', 'Twelftree', '1990-10-19', 'Male', NULL),
(12, 'Doyle', 'Kenderdine', '1978-12-10', 'Male', NULL),
(13, 'Bay', 'Benstead', '1981-09-25', 'Male', NULL),
(14, 'Ludwig', 'Dowdle', '1970-12-09', 'Male', NULL),
(15, 'Kerry', 'Johann', '1991-12-28', 'Female', NULL),
(16, 'Allix', 'Glasscock', '1995-11-11', 'Female', NULL),
(17, 'Del', 'Knoble', '1957-12-26', 'Male', NULL),
(18, 'Blanche', 'Rolls', '1960-01-11', 'Female', NULL),
(19, 'Arnoldo', 'Casone', '1991-04-22', 'Male', NULL),
(20, 'Kinna', 'Towler', '1996-10-26', 'Female', NULL),
(21, 'Banky', 'Cabera', '1994-06-05', 'Male', NULL),
(22, 'Dwain', 'Camillo', '1976-08-30', 'Male', NULL),
(23, 'Maureene', 'Breukelman', '1957-12-12', 'Female', NULL),
(24, 'Merla', 'Siehard', '1996-06-06', 'Female', NULL),
(25, 'Saxe', 'Halgarth', '1968-04-04', 'Male', NULL),
(26, 'Archibald', 'Ganforthe', '1987-04-27', 'Male', NULL),
(27, 'Alis', 'Teffrey', '1962-11-08', 'Female', NULL),
(28, 'Fielding', 'Maryet', '1966-10-28', 'Male', NULL),
(29, 'Hashim', 'Hayle', '1973-02-20', 'Male', NULL),
(30, 'Sheridan', 'Suter', '1977-05-31', 'Male', NULL),
(31, 'Wendall', 'Hember', '1984-01-17', 'Male', NULL),
(32, 'Kerrie', 'Lints', '1996-03-22', 'Female', NULL),
(33, 'Lazare', 'Beckhouse', '1994-09-11', 'Male', NULL),
(34, 'Meta', 'Stirling', '1983-07-16', 'Female', NULL),
(35, 'Dar', 'Volkes', '1965-02-08', 'Male', NULL),
(36, 'Glendon', 'Willbond', '1983-06-08', 'Male', NULL),
(37, 'Cora', 'Whitnell', '1986-12-11', 'Female', NULL),
(38, 'Jeremie', 'Backshaw', '1975-03-29', 'Male', NULL),
(39, 'Ernaline', 'Lilly', '1989-09-09', 'Female', NULL),
(40, 'Jeramie', 'Kneale', '1996-12-19', 'Male', NULL),
(41, 'Courtnay', 'Isaksson', '1983-07-04', 'Male', NULL),
(42, 'Brnaby', 'Lurriman', '1958-02-26', 'Male', NULL),
(43, 'Aloise', 'Gersam', '1972-05-29', 'Female', NULL),
(44, 'Ahmad', 'Melarkey', '1974-08-04', 'Male', NULL),
(45, 'Jessika', 'Bartrum', '1995-01-18', 'Female', NULL),
(46, 'Christiana', 'Ortsmann', '1958-02-07', 'Female', NULL),
(47, 'Alfonso', 'Hukins', '1969-10-30', 'Male', NULL),
(48, 'Ode', 'Mixworthy', '1955-05-21', 'Male', NULL),
(49, 'Preston', 'Kisbey', '1961-04-08', 'Male', NULL),
(50, 'Zebedee', 'Learman', '1970-08-07', 'Male', NULL),
(51, 'Nicolina', 'Aberkirdo', '1959-02-20', 'Female', NULL),
(52, 'Merna', 'Keynd', '1972-10-06', 'Female', NULL),
(53, 'Washington', 'Daine', '1960-05-02', 'Male', NULL),
(54, 'Cortney', 'Handslip', '1990-02-20', 'Female', NULL),
(55, 'Igor', 'Woffinden', '1956-02-23', 'Male', NULL),
(56, 'Guenna', 'McDade', '1969-06-16', 'Female', NULL),
(57, 'Basia', 'Goghin', '1993-09-02', 'Female', NULL),
(58, 'Siward', 'Wem', '1974-05-28', 'Male', NULL),
(59, 'Stirling', 'Pietrzak', '1957-06-29', 'Male', NULL),
(60, 'Cecil', 'Dodshon', '1979-09-10', 'Male', NULL),
(61, 'Farr', 'Kane', '1989-06-15', 'Male', NULL),
(62, 'Derick', 'Blanning', '1957-11-28', 'Male', NULL),
(63, 'Tonie', 'Ralestone', '1964-09-05', 'Female', NULL),
(64, 'Lennie', 'MacVean', '1974-10-06', 'Male', NULL),
(65, 'Carline', 'Ivanyukov', '1963-08-07', 'Female', NULL),
(66, 'Davon', 'Mesias', '1961-08-23', 'Male', NULL),
(67, 'Rayner', 'Ferronel', '1986-05-09', 'Male', NULL),
(68, 'Matthias', 'Kohnert', '1988-07-15', 'Male', NULL),
(69, 'Wilmar', 'Diglin', '1968-06-18', 'Male', NULL),
(70, 'Ode', 'Budgen', '1988-01-02', 'Male', NULL),
(71, 'Jacintha', 'Sparwell', '1996-08-04', 'Female', NULL),
(72, 'Bamby', 'Bertelet', '1961-03-16', 'Female', NULL),
(73, 'Fredek', 'Craddy', '1963-10-11', 'Male', NULL),
(74, 'Ermentrude', 'MacColl', '1973-06-20', 'Female', NULL),
(75, 'Dyan', 'Grishanin', '1959-12-09', 'Female', NULL),
(76, 'Hinda', 'Stooke', '1983-09-10', 'Female', NULL),
(77, 'Alvie', 'Ourry', '1975-05-07', 'Male', NULL),
(78, 'Thorstein', 'Iggulden', '1965-09-26', 'Male', NULL),
(79, 'Amaleta', 'Scaddon', '1968-02-04', 'Female', NULL),
(80, 'Herby', 'Libby', '1958-05-23', 'Male', NULL),
(81, 'Luce', 'Basketter', '1983-01-08', 'Male', NULL),
(82, 'Sheri', 'Schafer', '1993-05-02', 'Female', NULL),
(83, 'Therine', 'Devorill', '1968-06-15', 'Female', NULL),
(84, 'Dell', 'McMurraya', '1983-04-08', 'Male', NULL),
(85, 'Miller', 'McAirt', '1980-12-04', 'Male', NULL),
(86, 'Lammond', 'Muat', '1980-03-14', 'Male', NULL),
(87, 'Roarke', 'Matthews', '1985-12-06', 'Male', NULL),
(88, 'Elfrieda', 'Boggs', '1969-08-15', 'Female', NULL),
(89, 'Melodee', 'Swafield', '1972-11-11', 'Female', NULL),
(90, 'Donetta', 'Shimony', '1974-01-19', 'Female', NULL),
(91, 'Clemmie', 'Titmuss', '1989-05-04', 'Male', NULL),
(92, 'Emmi', 'Thormwell', '1985-10-17', 'Female', NULL),
(93, 'Brinn', 'Boissier', '1974-07-14', 'Female', NULL),
(94, 'Romeo', 'Lambert', '1961-02-10', 'Male', NULL),
(95, 'Ruperto', 'Millhill', '1975-11-14', 'Male', NULL),
(96, 'Hartley', 'Showers', '1993-10-08', 'Male', NULL),
(97, 'Missie', 'Fenemore', '1981-10-26', 'Female', NULL),
(98, 'Dawna', 'Simmank', '1979-01-27', 'Female', NULL),
(99, 'Selene', 'Falconer-Taylor', '1989-08-26', 'Female', NULL),
(100, 'Tobin', 'Beed', '1977-07-17', 'Male', NULL),
(101, 'Talya', 'Laugharne', '1974-07-27', 'Female', NULL),
(102, 'Sarita', 'Pinock', '1965-09-24', 'Female', NULL),
(103, 'Kahlil', 'Minet', '1992-11-18', 'Male', NULL),
(104, 'Wainwright', 'Surgeon', '1992-03-31', 'Male', NULL),
(105, 'Pearl', 'Roloff', '1989-05-18', 'Female', NULL),
(106, 'Judy', 'Jakubovits', '1970-10-21', 'Female', NULL),
(107, 'Marcie', 'Digby', '1966-01-23', 'Female', NULL),
(108, 'Joice', 'Waszczyk', '1958-10-19', 'Female', NULL),
(109, 'Justinian', 'Norker', '1995-01-04', 'Male', NULL),
(110, 'Bobette', 'Mylchreest', '1971-03-05', 'Female', NULL),
(111, 'Theressa', 'Woolis', '1983-05-02', 'Female', NULL),
(112, 'Ertha', 'Stringer', '1982-10-26', 'Female', NULL),
(113, 'Scarface', 'Esh', '1969-03-09', 'Male', NULL),
(114, 'Wade', 'Carlisi', '1975-04-03', 'Male', NULL),
(115, 'Manda', 'Edwardson', '1981-08-22', 'Female', NULL),
(116, 'Alfons', 'Leydon', '1984-01-07', 'Male', NULL),
(117, 'Brianna', 'Bendelow', '1990-05-01', 'Female', NULL),
(118, 'Sanford', 'Gwyther', '1985-09-23', 'Male', NULL),
(119, 'Alissa', 'Zavittieri', '1991-11-26', 'Female', NULL),
(120, 'Barnaby', 'Swindley', '1967-01-21', 'Male', NULL),
(121, 'Mayne', 'Jecock', '1992-11-21', 'Male', NULL),
(122, 'Petronella', 'Grinter', '1994-08-04', 'Female', NULL),
(123, 'Codie', 'Yanyushkin', '1974-07-19', 'Male', NULL),
(124, 'Malachi', 'Cassimer', '1996-01-05', 'Male', NULL),
(125, 'Oralie', 'Grisdale', '1984-05-09', 'Female', NULL),
(126, 'Arlen', 'Cescoti', '1973-01-26', 'Male', NULL),
(127, 'Rickie', 'Robatham', '1977-09-19', 'Female', NULL),
(128, 'Solomon', 'Gullefant', '1972-07-11', 'Male', NULL),
(129, 'Cele', 'Edards', '1994-09-30', 'Female', NULL),
(130, 'Thorny', 'Rowston', '1968-12-31', 'Male', NULL),
(131, 'Felisha', 'Breckon', '1957-01-29', 'Female', NULL),
(132, 'Lorenza', 'Benley', '1970-08-08', 'Female', NULL),
(133, 'Jerad', 'Savill', '1979-02-24', 'Male', NULL),
(134, 'Imojean', 'Duthie', '1990-01-19', 'Female', NULL),
(135, 'Morgan', 'Oatley', '1978-02-24', 'Female', NULL),
(136, 'Monte', 'Khidr', '1975-04-10', 'Male', NULL),
(137, 'Kerr', 'Kynan', '1963-06-24', 'Male', NULL),
(138, 'Davidson', 'Cargen', '1995-06-10', 'Male', NULL),
(139, 'Darcy', 'List', '1961-10-20', 'Male', NULL),
(140, 'Bogey', 'Erskin', '1962-01-27', 'Male', NULL),
(141, 'Rochelle', 'Frascone', '1965-04-12', 'Female', NULL),
(142, 'Alleyn', 'Pilkinton', '1972-09-24', 'Male', NULL),
(143, 'Avictor', 'McKelvie', '1960-03-24', 'Male', NULL),
(144, 'Keen', 'Scanterbury', '1961-12-08', 'Male', NULL),
(145, 'Aylmar', 'Gore', '1959-03-05', 'Male', NULL),
(146, 'Ardelle', 'Magnay', '1984-06-20', 'Female', NULL),
(147, 'Rafa', 'Mainwaring', '1966-04-09', 'Female', NULL),
(148, 'Allyn', 'Culshew', '1959-01-11', 'Male', NULL),
(149, 'Magdalena', 'Adamsson', '1979-09-23', 'Female', NULL),
(150, 'Colin', 'Wandtke', '1969-05-06', 'Male', NULL),
(151, 'Martin', 'Farner', '1990-05-12', 'Male', NULL),
(152, 'Martha', 'Levin', '1959-04-23', 'Female', NULL),
(153, 'Jonathan', 'Morison', '1992-01-28', 'Male', NULL),
(154, 'Karla', 'Xam', '1985-07-02', 'Female', NULL),
(155, 'Fan', 'Yuan', '1972-03-18', 'Female', NULL);

INSERT INTO `organization` (`ID`, `name`, `abbreviation`, `address_PC`, `address_street`, `address_city`, `address_number`) VALUES
(42,'Papaspyrou Lmtd & Co','PLC',42,'SHMMY','NTUA',42),
(41,'Review Center','RC',1570,'Kanari','Athens',24),
(40, 'ACME INC', '', 3315, 'Mccormick', 'Paitan Este', 4395),
(39, 'Waterloo Co', '', 333, 'Mandrake', 'Ar Ruţbah', 3),
(38, 'Happy Pandas', '', 40, 'Twin Pines', 'Awarawar', 23605),
(37, 'Voonyx', 'VOO', 68105, 'Mayfield', 'Omaha', 48065),
(36, 'Shufflester', 'SHUF', 157510, 'Sunnyside', 'Shar’ya', 442),
(35, 'Eareman Estate', 'EAR', 76310, 'Maryland', 'Tân Kỳ', 913),
(34, 'Kare Cooperation', 'Kare', 5852, 'Becker', 'Dayushu', 2670),
(33, 'Kriman', 'KRI', 33, 'Amoth', 'Quận Tân Phú', 77),
(32, 'Oloo', 'OL', 4172, 'Comanche', 'Siak Sri Indrapura', 73201),
(31, 'Flashset', 'FLASH', 555, 'Carpenter', 'Baocun', 4865),
(30, 'Jaxspan', 'JAX', 692854, 'Prairieview', 'Sovetskaya', 59),
(29, 'Centidel', 'CENT', 22, 'Pine View', 'Siennica Różana', 47),
(28, 'Cogidoo', 'COG', 94127, 'Riverside', 'Gunung Sugih', 61072),
(27, 'Massachusetts Institute of Technology', 'MIT', 36, 'Holmberg', 'Gansa', 9955),
(26, 'CONSIGLIO NAZIONALE DELLE RICERCHE', 'CNDR', 258, 'International', 'Mysove', 4902),
(25, 'UNIVERSITY OF COPENHAGEN', '', 768, 'Lunder', 'Kvasice', 40),
(24, 'EIDGENOESSISCHE TECHNISCHE HOCHSCHULE ZUERICH', 'ETHZ', 81, 'Spaight', 'Canillo', 69),
(23, 'COMMISSARIAT A L\'ENERGIE ATOMIQUE', 'COMT', 35290, 'Bluestem', 'Birmingham', 6796),
(22, 'FRAUNHOFER GESELLSCHAFT ZUR FOERDERUNG DER ANGEWAN', 'FRAU', 9854, 'Monument', 'Rizómata', 39558),
(21, 'CENTRE NATIONAL DE LA RECHERCHE SCIENTIFIQUE', 'CNARS', 7532, 'Kensington', 'Hengjian', 20),
(20, 'INSTITUTE OF COMMUNICATION AND COMPUTER SYSTEMS', 'ICACS', 87, 'Hintze', 'Włocławek', 20653),
(19, 'Integer LLC', 'LLC', 62021, 'Colorado', 'Fort Abbās', 5),
(18, 'Aliquet Metus Corporation', 'ALI', 745, 'Merrick', 'Talok', 7),
(17, 'Egestas Corporation', 'EGESTAS', 5214, 'Fisk', 'Bulalacao', 4429),
(16, 'Eleifend Ltd', 'ELEI', 963, 'Westerfield', 'Goght’', 4),
(15, 'Aristotle University of Thessaloniki', 'AUT', 4610, 'Corscot', 'Ribas', 91524),
(14, 'Technical University of Crete', 'TUC', 34934, 'Morrow', 'Montpellier', 84985),
(13, 'National and Kapodistrian University of Athens', 'EKPA', 12, 'Melody', 'Taungoo', 4823),
(12, 'university of patras', 'PATRA', 7563, 'Bobwhite', 'Sumeng', 92),
(11, 'National Technical University of Athens', 'NTUA', 73119, 'Little Fleur', 'Oklahoma City', 644),
(10, 'Universitetet i Oslo', 'UO', 671, 'Oakridge', 'Šumice', 994),
(9, 'The University of Manchester', 'UOM', 8975, 'Carpenter', 'Shuitianzhuang', 433),
(8, 'Universität Wien', 'UW', 25, 'Riverside', 'Mathakola', 4617),
(7, 'Freie Universität Berlin', 'FUB', 58, 'Portage', 'Lisui', 95),
(6, 'University of Glasgow', 'UG', 2525, 'Ilene', 'Sawahan', 2728),
(5, 'Eidgenössische Technische Hochschule', 'ETH', 876, 'Brown', 'Tzaneen', 88627),
(4, 'The University of Edinburgh', 'UE', 186806, 'Anzinger', 'Lyaskelya', 12),
(3, 'University College London', 'UCL', 2565, 'Fairfield', 'Bohou', 3),
(2, 'University of Cambridge', 'Cam', 142152, 'Eastlawn', 'Ozëry', 52291),
(1, 'University of Oxford', 'OXFORD', 2253, 'Texas', 'Gálvez', 96546);

INSERT INTO `executive` (`ID`, `project_ID`, `name`) VALUES
(2, 1, 'Tiphany Piatto'),
(27, 2, 'Maria Perez'),
(9, 3, 'Caleb Gresswell'),
(14, 4, 'Lutero O\'Giany'),
(20, 5, 'Izak Whittlesea'),
(24, 6, 'Veradis Brinicombe'),
(28, 7, 'Wolf Stoffersen'),
(12, 8, 'Donny Tongs'),
(8, 9, 'Lawton Sayer'),
(21, 10, 'Billi Skae'),
(19, 11, 'Eba O\'Kennedy'),
(20, 12, 'Izak Whittlesea'),
(17, 13, 'Nevins Tivenan'),
(21, 14, 'Billi Skae'),
(25, 15, 'Demetrius Yanshinov'),
(2, 16, 'Tiphany Gages'),
(5, 17, 'Lindsay McMickan'),
(14, 18, 'Lutero O\'Giany'),
(30, 19, 'Veriee Kinlock'),
(11, 20, 'Garrick Ambrosch'),
(14, 21, 'Lutero O\'Giany'),
(28, 22, 'Wolf Stoffersen'),
(12, 23, 'Donny Tongs'),
(17, 24, 'Nevins Tivenan'),
(19, 25, 'Bent Yancey'),
(22, 26, 'Tan Tutchell'),
(11, 27, 'Garrick Ambrosch'),
(15, 28, 'Delmar Ferroli'),
(19, 29, 'Eba O\'Kennedy'),
(23, 30, 'Isidor Beebis'),
(22, 31, 'Tan Tutchell'),
(24, 32, 'Veradis Brinicombe'),
(26, 33, 'Amelina Reimer'),
(14, 34, 'Lutero O\'Giany'),
(22, 35, 'Tan Tutchell'),
(25, 36, 'Demetrius Yanshinov'),
(24, 37, 'Veradis Brinicombe'),
(13, 38, 'Ame Shearme'),
(23, 39, 'Isidor Beebis'),
(17, 40, 'Nevins Tivenan'),
(14, 41, 'Lutero O\'Giany'),
(11, 42, 'Garrick Ambrosch'),
(7, 43, 'Allie Lepere'),
(29, 44, 'Gerry Wattins'),
(13, 45, 'Ame Shearme'),
(10, 46, 'Red Sarah'),
(18, 47, 'Baird Cane'),
(15, 48, 'Delmar Ferroli'),
(26, 49, 'Sheffield Coppeard'),
(30, 50, 'Veriee Kinlock'),
(26, 51, 'Amelina Reimer'),
(29, 52, 'Gerry Wattins'),
(12, 53, 'Donny Tongs'),
(10, 54, 'Red Sarah'),
(14, 55, 'Lutero O\'Giany'),
(7, 56, 'Allie Lepere'),
(8, 57, 'Lawton Sayer'),
(29, 58, 'Gerry Wattins'),
(21, 59, 'Billi Skae'),
(7, 60, 'Allie Lepere'),
(20, 61, 'Izak Whittlesea'),
(20, 62, 'Izak Whittlesea'),
(30, 63, 'Veriee Kinlock'),
(24, 64, 'Veradis Brinicombe'),
(13, 65, 'Ame Shearme'),
(10, 66, 'Red Sarah'),
(11, 67, 'Garrick Ambrosch'),
(11, 68, 'Garrick Ambrosch'),
(16, 69, 'Quinta GrunsonGofort'),
(17, 70, 'Nevins Tivenan'),
(16, 71, 'Quinta Grunson'),
(11, 72, 'Garrick Ambrosch'),
(18, 73, 'Baird Cane'),
(17, 74, 'Nevins Tivenan'),
(23, 75, 'Isidor Beebis'),
(19, 76, 'Willa Mardy'),
(26, 77, 'Amelina Reimer'),
(18, 78, 'Baird Cane'),
(28, 79, 'Wolf Stoffersen'),
(29, 80, 'Gerry Wattins'),
(21, 81, 'Billi Skae'),
(12, 82, 'Donny Tongs'),
(12, 83, 'Donny Tongs'),
(14, 84, 'Lutero O\'Giany'),
(18, 85, 'Baird Cane'),
(1, 86, 'Brandea Maharg'),
(25, 87, 'Demetrius Yanshinov'),
(15, 88, 'Delmar Ferroli'),
(24, 89, 'Veradis Brinicombe'),
(28, 90, 'Wolf Stoffersen');


INSERT INTO `scientific_field` (`name_of_field`) VALUES
('Biology'),
('Chemistry'),
('Community'),
('Engineering'),
('Environment'),
('Informatics'),
('Mathematics'),
('Medicine'),
('Phychology'),
('Physics'),
('Space'),
('Technology'),
('Bioinformatics'),
('Sociology'),
('Machine Learning'),
('AI');

INSERT INTO `scientific_field_of_project` (`project_ID`, `name_of_field`) VALUES
(1, 'Biology'),
(1, 'Medicine'),
(2, 'Environment'),
(2, 'Medicine'),
(2, 'technology'),
(3, 'Biology'),
(4, 'Medicine'),
(5, 'Engineering'),
(5, 'Technology'),
(6, 'Engineering'),
(6, 'Informatics'),
(6, 'Technology'),
(7, 'Mathematics'),
(8, 'Environment'),
(9, 'Environment'),
(9, 'Physics'),
(10, 'Biology'),
(11, 'Informatics'),
(11, 'Technology'),
(12, 'Mathematics'),
(13, 'Mathematics'),
(14, 'Engineering'),
(14, 'Environment'),
(15, 'Biology'),
(16, 'Informatics'),
(16, 'Mathematics'),
(17, 'Engineering'),
(17, 'Environment'),
(18, 'Informatics'),
(18, 'Medicine'),
(19, 'Biology'),
(19, 'Environment'),
(20, 'Community'),
(21, 'Physics'),
(21, 'Technology'),
(22, 'Chemistry'),
(23, 'Engineering'),
(24, 'Biology'),
(25, 'Engineering'),
(26, 'Environment'),
(27, 'Informatics'),
(27, 'Technology'),
(28, 'Informatics'),
(28, 'Technology'),
(29, 'Environment'),
(30, 'Informatics'),
(30, 'Technology'),
(31, 'Physics'),
(31, 'Space'),
(32, 'Physics'),
(33, 'Engineering'),
(33, 'Physics'),
(34, 'Mathematics'),
(35, 'Biology'),
(36, 'Chemistry'),
(36, 'Engineering'),
(37, 'Chemistry'),
(37, 'Engineering'),
(38, 'Phychology'),
(39, 'Community'),
(40, 'Informatics'),
(40, 'Technology'),
(41, 'Informatics'),
(41, 'Technology'),
(42, 'Medicine'),
(43, 'Informatics'),
(43, 'Mathematics'),
(43, 'Technology'),
(44, 'Environment'),
(45, 'Phychology'),
(46, 'Chemistry'),
(46, 'Engineering'),
(47, 'Biology'),
(47, 'Chemistry'),
(48, 'Engineering'),
(48, 'Medicine'),
(49, 'Informatics'),
(50, 'Informatics'),
(50, 'Mathematics'),
(51, 'Mathematics'),
(52, 'Engineering'),
(52, 'Informatics'),
(53, 'Environment'),
(53, 'Mathematics'),
(54, 'Medicine'),
(55, 'Environment'),
(56, 'Informatics'),
(56, 'Technology'),
(57, 'Physics'),
(58, 'Community'),
(59, 'Physics'),
(60, 'Biology'),
(60, 'Space'),
(61, 'Technology'),
(62, 'Physics'),
(63, 'Community');


/*Each i oraganization has i,40+i,80+i researchers that work there*/
/*35 researchers remain to be employed by organizations*/
INSERT INTO works_at (organization_ID,researcher_ID,starting_date) VALUES
(1,1,'2001-7-12'),
(1,41,'2007-8-19'),
(1,81,'2007-8-19'),
(2,2,'2007-8-19'),
(2,42,'2007-8-19'),
(2,82,'2007-8-19'),
(3,3,'2007-8-19'),
(3,43,'2007-8-19'),
(3,83,'2007-8-19'),
(4,4,'2007-8-19'),
(4,44,'2007-8-19'),
(4,84,'2007-8-19'),
(5,5,'2007-8-19'),
(5,45,'2007-8-19'),
(5,85,'2007-8-19'),
(6,6,'2007-8-19'),
(6,46,'2007-8-19'),
(6,86,'2007-8-19'),
(7,7,'2007-8-19'),
(7,47,'2007-8-19'),
(7,87,'2007-8-19'),
(8,8,'2007-8-19'),
(8,48,'2007-8-19'),
(8,88,'2007-8-19'),
(9,9,'2007-8-19'),
(9,49,'2007-8-19'),
(9,89,'2007-8-19'),
(10,10,'2007-8-19'),
(10,50,'2007-8-19'),
(10,90,'2007-8-19'),
(11,11,'2007-8-19'),
(11,51,'2007-8-19'),
(11,91,'2007-8-19'),
(12,12,'2007-8-19'),
(12,52,'2007-8-19'),
(12,92,'2007-8-19'),
(13,13,'2007-8-19'),
(13,53,'2007-8-19'),
(13,93,'2007-8-19'),
(14,14,'2007-8-19'),
(14,54,'2007-8-19'),
(14,94,'2007-8-19'),
(15,15,'2007-8-19'),
(15,55,'2007-8-19'),
(15,95,'2007-8-19'),
(16,16,'2007-8-19'),
(16,56,'2007-8-19'),
(16,96,'2007-8-19'),
(17,17,'2007-8-19'),
(17,57,'2007-8-19'),
(17,97,'2007-8-19'),
(18,18,'2007-8-19'),
(18,58,'2007-8-19'),
(18,98,'2007-8-19'),
(19,19,'2007-8-19'),
(19,59,'2007-8-19'),
(19,99,'2007-8-19'),
(20,20,'2007-8-19'),
(20,60,'2007-8-19'),
(20,100,'2007-8-19'),
(21,21,'2007-8-19'),
(21,61,'2007-8-19'),
(21,101,'2007-8-19'),
(22,22,'2007-8-19'),
(22,62,'2007-8-19'),
(22,102,'2007-8-19'),
(23,23,'2007-8-19'),
(23,63,'2007-8-19'),
(23,103,'2007-8-19'),
(24,24,'2007-8-19'),
(24,64,'2007-8-19'),
(24,104,'2007-8-19'),
(25,25,'2007-8-19'),
(25,65,'2007-8-19'),
(25,105,'2007-8-19'),
(26,26,'2007-8-19'),
(26,66,'2007-8-19'),
(26,106,'2007-8-19'),
(27,27,'2007-8-19'),
(27,67,'2007-8-19'),
(27,107,'2007-8-19'),
(28,28,'2007-8-19'),
(28,68,'2007-8-19'),
(28,108,'2007-8-19'),
(29,29,'2007-8-19'),
(29,69,'2007-8-19'),
(29,109,'2007-8-19'),
(30,30,'2007-8-19'),
(30,70,'2007-8-19'),
(30,110,'2007-8-19'),
(31,31,'2007-8-19'),
(31,71,'2007-8-19'),
(31,111,'2007-8-19'),
(32,32,'2007-8-19'),
(32,72,'2007-8-19'),
(32,112,'2007-8-19'),
(33,33,'2007-8-19'),
(33,73,'2007-8-19'),
(33,113,'2007-8-19'),
(34,34,'2007-8-19'),
(34,74,'2007-8-19'),
(34,114,'2007-8-19'),
(35,35,'2007-8-19'),
(35,75,'2007-8-19'),
(35,115,'2007-8-19'),
(36,36,'2007-8-19'),
(36,76,'2007-8-19'),
(36,116,'2007-8-19'),
(37,37,'2007-8-19'),
(37,77,'2007-8-19'),
(37,117,'2007-8-19'),
(38,38,'2007-8-19'),
(38,78,'2007-8-19'),
(38,118,'2007-8-19'),
(39,39,'2007-8-19'),
(39,79,'2007-8-19'),
(39,119,'2007-8-19'),
(40,40,'2007-8-19'),
(40,80,'2007-8-19'),
(40,120,'2007-8-19'),
/*last 5 researchers work as reviewes*/
(41,151,'2007-8-19'),
(41,152,'2007-8-19'),
(41,153,'2007-8-19'),
(41,154,'2007-8-19'),
(41,155,'2007-8-19'),
/*121-150 works at Papaspyrou Lmtd*/
(42,121,'2007-8-19'),
(42,122,'2007-8-19'),
(42,123,'2007-8-19'),
(42,124,'2007-8-19'),
(42,125,'2007-8-19'),
(42,126,'2007-8-19'),
(42,127,'2007-8-19'),
(42,128,'2007-8-19'),
(42,129,'2007-8-19'),
(42,130,'2007-8-19'),
(42,131,'2007-8-19'),
(42,132,'2007-8-19'),
(42,133,'2007-8-19'),
(42,134,'2007-8-19'),
(42,135,'2007-8-19'),
(42,136,'2007-8-19'),
(42,137,'2007-8-19'),
(42,138,'2007-8-19'),
(42,139,'2007-8-19'),
(42,140,'2007-8-19'),
(42,141,'2007-8-19'),
(42,142,'2007-8-19'),
(42,143,'2007-8-19'),
(42,144,'2007-8-19'),
(42,145,'2007-8-19'),
(42,146,'2006-8-19'),
(42,147,'2006-8-19'),
(42,148,'2006-8-19'),
(42,149,'2006-8-19'),
(42,150,'2006-8-19');

INSERT INTO `review` (`project_ID`, `reviewer_ID`, `review_grade`, `review_date`) VALUES
(1, 153, 4, '1990-8-19'),
(2, 151, 2, '1990-8-19'),
(3, 152, 6, '1990-8-19'),
(4, 151, 4, '1990-8-19'),
(5, 154, 1, '1990-8-19'),
(6, 152, 4, '1990-8-19'),
(7, 151, 5, '1990-8-19'),
(8, 154, 3, '1990-8-19'),
(9, 155, 4, '1990-8-19'),
(10, 154, 1, '1990-8-19'),
(11, 153, 4, '1990-8-19'),
(12, 151, 6, '1990-8-19'),
(13, 151, 9, '1990-8-19'),
(14, 154, 3, '1990-8-19'),
(15, 152, 6, '1990-8-19'),
(16, 154, 8, '1990-8-19'),
(17, 151, 9, '1990-8-19'),
(18, 153, 8, '1990-8-19'),
(19, 153, 2, '1990-8-19'),
(20, 151, 1, '1990-8-19'),
(21, 155, 2, '1990-8-19'),
(22, 151, 8, '1990-8-19'),
(23, 152, 4, '1990-8-19'),
(24, 151, 7, '1990-8-19'),
(25, 153, 6, '1990-8-19'),
(26, 153, 5, '1990-8-19'),
(27, 154, 7, '1990-8-19'),
(28, 155, 10, '1990-8-19'),
(29, 155, 9, '1990-8-19'),
(30, 151, 10, '1990-8-19'),
(31, 152, 3, '1990-8-19'),
(32, 151, 8, '1990-8-19'),
(33, 153, 6, '1990-8-19'),
(34, 151, 2, '1990-8-19'),
(35, 154, 9, '1990-8-19'),
(36, 152, 1, '1990-8-19'),
(37, 154, 8, '1990-8-19'),
(38, 153, 6, '1990-8-19'),
(39, 153, 6, '1990-8-19'),
(40, 154, 3, '1990-8-19'),
(41, 154, 9, '1990-8-19'),
(42, 155, 7, '1990-8-19'),
(43, 151, 2, '1990-8-19'),
(44, 153, 3, '1990-8-19'),
(45, 151, 8, '1990-8-19'),
(46, 153, 10, '1990-8-19'),
(47, 155, 9, '1990-8-19'),
(48, 152, 2, '1990-8-19'),
(49, 153, 4, '1990-8-19'),
(50, 152, 9, '1990-8-19'),
(51, 155, 9, '1990-8-19'),
(52, 155, 7, '1990-8-19'),
(53, 151, 1, '1990-8-19'),
(54, 152, 1, '1990-8-19'),
(55, 154, 10, '1990-8-19'),
(56, 151, 9, '1990-8-19'),
(57, 154, 9, '1990-8-19'),
(58, 153, 3, '1990-8-19'),
(59, 152, 2, '1990-8-19'),
(60, 154, 9, '1990-8-19'),
(61, 152, 2, '1990-8-19'),
(62, 153, 8, '1990-8-19'),
(63, 155, 7, '1990-8-19'),
(64, 153, 6, '1990-8-19'),
(65, 152, 1, '1990-8-19'),
(66, 154, 10, '1990-8-19'),
(67, 152, 10, '1990-8-19'),
(68, 152, 2, '1990-8-19'),
(69, 152, 1, '1990-8-19'),
(70, 152, 1, '1990-8-19');

INSERT INTO `research_center` (`ID`, `ministry_budget`, `private_action_budget`) VALUES
(20, 899030, 4046063),
(21, 900841, 2910615),
(22, 347115, 2901662),
(23, 465584, 357148),
(24, 136111, 3282225),
(25, 71051, 4470400),
(26, 500240, 2746937);

INSERT INTO `university` (`ID`, `ministry_budget`) VALUES
(1, 7965942),
(2, 2430616),
(3, 2868368),
(4, 898314),
(5, 7176910),
(6, 9672613),
(7, 3239375),
(8, 3282416),
(9, 3989439),
(10, 8177452),
(11, 5200260),
(12, 1479419),
(13, 5123320),
(14, 4891005),
(15, 5524409);

INSERT INTO `firm` (`ID`, `equity`) VALUES
(16, 57154439),
(17, 84899789),
(18, 35744728),
(19, 46842333),
(28, 3860555),
(29, 4701646),
(30, 6664785),
(31, 9873380),
(32, 6172017),
(33, 4401340),
(34, 3030452),
(35, 6999898),
(36, 5439260),
(37, 2938502);

INSERT INTO `funding_program` (`project_ID`, `name`, `management`) VALUES
(3, 'Almo', 'Exact Science office'),
(63, 'Almo', 'Exact Science office'),
(18, 'Browning', 'Informatics office'),
(44, 'Browning', 'Informatics office'),
(52, 'Browning', 'Informatics office'),
(57, 'Browning', 'Informatics office'),
(59, 'Browning', 'Informatics office'),
(13, 'Chinook', 'Exact Science office'),
(39, 'Chinook', 'Exact Science office'),
(47, 'Chinook', 'Exact Science office'),
(15, 'Chive', 'Environment Office'),
(41, 'Chive', 'Environment Office'),
(49, 'Chive', 'Environment Office'),
(8, 'Del Mar', 'Engineering Office'),
(22, 'Del Mar', 'Engineering Office'),
(25, 'Del Mar', 'Engineering Office'),
(28, 'Del Mar', 'Engineering Office'),
(31, 'Del Mar', 'Engineering Office'),
(34, 'Del Mar', 'Engineering Office'),
(37, 'Del Mar', 'Engineering Office'),
(69, 'Del Mar', 'Engineering Office'),
(19, 'Dryden', 'Environment Office'),
(45, 'Dryden', 'Environment Office'),
(53, 'Dryden', 'Environment Office'),
(58, 'Dryden', 'Environment Office'),
(60, 'Dryden', 'Environment Office'),
(2, 'Forster', 'Health care office'),
(62, 'Forster', 'Health care office'),
(16, 'Gateway', 'Space Office'),
(42, 'Gateway', 'Space Office'),
(50, 'Gateway', 'Space Office'),
(55, 'Gateway', 'Space Office'),
(7, 'Hansons', 'Exact Science office'),
(21, 'Hansons', 'Exact Science office'),
(24, 'Hansons', 'Exact Science office'),
(27, 'Hansons', 'Exact Science office'),
(30, 'Hansons', 'Exact Science office'),
(33, 'Hansons', 'Exact Science office'),
(36, 'Hansons', 'Exact Science office'),
(20, 'High Crossing', 'Health care office'),
(46, 'High Crossing', 'Health care office'),
(54, 'High Crossing', 'Health care office'),
(11, 'Kim', 'Informatics office'),
(9, 'Nevada', 'Energy Office'),
(23, 'Nevada', 'Energy Office'),
(26, 'Nevada', 'Energy Office'),
(29, 'Nevada', 'Energy Office'),
(32, 'Nevada', 'Energy Office'),
(35, 'Nevada', 'Energy Office'),
(38, 'Nevada', 'Energy Office'),
(70, 'Nevada', 'Energy Office'),
(12, 'Northview', 'Exact Science office'),
(10, 'Oak', 'Exact Science office'),
(5, 'Old Shore', 'Informatics office'),
(65, 'Old Shore', 'Informatics office'),
(68, 'Old Shore', 'Informatics office'),
(6, 'Ridgeview', 'Informatics office'),
(4, 'Rockefeller', 'Health care office'),
(64, 'Rockefeller','Health care office'),
(67, 'Rockefeller', 'Health care office'),
(14, 'Swallow', 'Engineering Office'),
(40, 'Swallow', 'Engineering Office'),
(48, 'Swallow', 'Engineering Office'),
(1, 'Talisman', 'Exact Science office'),
(61, 'Talisman', 'Exact Science office'),
(17, 'Tennessee', 'Exact Science office'),
(43, 'Tennessee', 'Exact Science office'),
(51, 'Tennessee', 'Exact Science office'),
(56, 'Tennessee', 'Exact Science office');



INSERT INTO manages(organization_ID,project_ID) VALUES
/*1-40 to 1-40 (1 per time)*/
(1,1),
(1,2),
(1,3),
(1,4),
(1,5),
(1,6),
(1,7),
(1,8),
(1,9),
(2,10),
(3,11),
(4,12),
(5,13),
(6,14),
(7,15),
(7,16),
(7,17),
(7,18),
(8,19),
(8,20),
(8,21),
(9,22),
(10,23),
(10,24),
(10,25),
(10,26),
(11,27),
(12,28),
(13,29),
(14,30),
(15,31),
(15,32),
(15,33),
(15,34),
(16,35),
(16,36),
(16,37),
(16,38),
(16,39),
(16,40),
/*additionaly 1-10 to 41-50*/
(17,41),
(18,42),
(19,43),
(20,44),
(21,45),
(22,46),
(23,47),
(24,48),
(25,49),
(26,50),
/*additionaly 11-20 to 51-70 (2 each org)*/
(27,51),
(27,52),
(27,53),
(28,54),
(29,55),
(30,56),
(31,57),
(32,58),
(33,59),
(34,60),
(35,61),
(36,62),
(36,63),
(36,64),
(36,65),
(36,66),
(37,67),
(37,68),
(37,69),
(37,70),
(38,71),
(38,72),
(38,73),
(38,74),
(39,75),
(39,76),
(40,77),
(40,78),
(40,79),
(40,80),
(40,81),
(40,82),
(40,83),
(40,84),
(42,85),
(42,86),
(42,87),
(42,88),
(42,89),
(42,90);

INSERT INTO works_at_project(researcher_ID,project_ID) VALUES
/*res ID 1-30 to projects with ID 1-10 --> 30 res/proj, 10proj/res*/
(1,1),
(1,2),
(1,3),
(1,4),
(1,5),
(1,6),
(1,7),
(1,8),
(1,9),
(2,10),
(3,11),
(4,12),
(5,13),
(6,14),
(7,15),
(7,16),
(7,17),
(7,18),
(8,19),
(8,20),
(8,21),
(9,22),
(10,23),
(10,24),
(10,26),
(11,27),
(12,28),
(13,29),
(14,30),
(15,31),
(15,32),
(15,33),
(15,34),
(16,35),
(16,36),
(16,37),
(16,40),
(17,41),
(18,42),
(19,43),
(20,44),
(21,45),
(22,46),
(23,47),
(24,48),
(25,49),
(26,50),
(27,51),
(27,52),
(27,53),
(28,54),
(29,55),
(30,56),
(31,57),
(32,58),
(33,59),
(34,60),
(35,61),
(36,62),
(36,63),
(36,64),
(36,65),
(37,67),
(37,68),
(37,69),
(37,70),
(38,71),
(38,72),
(38,73),
(38,74),
(39,76),
(40,77),
(40,78),
(40,79),
(40,82),



/* 41 - 80 */
(41,1),
(41,2),
(41,3),
(41,4),
(41,5),
(41,6),
(41,7),
(41,8),
(41,9),
(42,10),
(43,11),
(44,12),
(45,13),
(46,14),
(47,15),
(47,16),
(47,17),
(47,18),
(48,19),
(48,20),
(48,21),
(49,22),
(50,23),
(50,24),
(50,26),
(51,27),
(52,28),
(53,29),
(54,30),
(55,31),
(55,32),
(55,33),
(55,34),
(56,35),
(56,36),
(56,37),
(56,40),
(57,41),
(58,42),
(59,43),
(60,44),
(61,45),
(62,46),
(63,47),
(64,48),
(65,49),
(66,50),
(67,51),
(67,52),
(67,53),
(68,54),
(69,55),
(70,56),
(71,57),
(72,58),
(73,59),
(74,60),
(75,61),
(76,62),
(76,63),
(76,64),
(76,65),
(77,67),
(77,68),
(77,69),
(77,70),
(78,71),
(78,72),
(78,73),
(78,74),
(79,76),
(80,77),
(80,78),
(80,79),
(80,82),



/* 81 - 120 */

(81,1),
(81,2),
(81,3),
(81,4),
(81,5),
(81,6),
(81,7),
(81,8),
(81,9),
(82,10),
(83,11),
(84,12),
(85,13),
(86,14),
(87,15),
(87,16),
(87,17),
(87,18),
(88,19),
(88,20),
(88,21),
(89,22),
(90,23),
(90,24),
(90,26),
(91,27),
(92,28),
(93,29),
(94,30),
(95,31),
(95,32),
(95,33),
(95,34),
(96,35),
(96,36),
(96,37),
(96,40),
(97,41),
(98,42),
(99,43),
(100,44),
(101,45),
(102,46),
(103,47),
(104,48),
(105,49),
(106,50),
(107,51),
(107,52),
(107,53),
(108,54),
(109,55),
(110,56),
(111,57),
(112,58),
(113,59),
(114,60),
(115,61),
(116,62),
(116,63),
(116,64),
(116,65),
(117,67),
(117,68),
(117,69),
(117,70),
(118,71),
(118,72),
(118,73),
(118,74),
(119,76),
(120,77),
(120,78),
(120,79),
(120,82),



/* 121-150 */

(121,85),
(121,86),
(121,87),
(121,88),
(121,89),
(121,90),
(122,85),
(122,87),
(122,90),
(123,87),
(124,88),
(125,86),
(126,88),
(127,85),
(127,89),
(127,90),
(127,86),
(128,85),
(128,87),
(128,90),
(129,87),
(130,88),
(130,89),
(130,90),
(131,85),
(132,85),
(133,85),
(134,87),
(135,88),
(135,89),
(135,90),
(135,85),
(136,87),
(136,88),
(136,89),
(136,90),
(137,86),
(138,87),
(139,88),
(140,89),
(141,90),
(142,90),
(143,86),
(144,87),
(145,88),
(146,86),
(147,85),
(147,86),
(147,87),
(148,88),
(149,89),
(150,90),
(150,87),
(150,85),




(50,25),
(56,38),
(96,39),
(36,66),
(39,75),
(120,80),
(80,81),
(120,83),
(40,84);



INSERT INTO `deliverable` (`project_ID`, `deliverable_title`, `summary`, `date_of_delivery`) VALUES
(1, 'In hac habitasse platea dictumst. Maecenas ut massa quis augue luctus tincidunt.', 'Praesent id massa id nisl venenatis lacinia. Aenean sit amet justo. Morbi ut odio.\n\nCras mi pede, malesuada in, imperdiet et, commodo vulputate, justo. In blandit ultrices enim. Lorem ipsum dolor sit amet, consectetuer adipiscing elit.\n\nProin interdum mauris non ligula pellentesque ultrices. Phasellus id sapien in sapien iaculis congue. Vivamus metus arcu, adipiscing molestie, hendrerit at, vulputate vitae, nisl.', '1990-8-19'),
(2, 'Morbi vel lectus in quam fringilla rhoncus. Mauris enim leo, rhoncus sed, vestibulum sit amet, cursu', 'Lorem ipsum dolor sit amet, consectetuer adipiscing elit. Proin risus. Praesent lectus.\n\nVestibulum quam sapien, varius ut, blandit non, interdum in, ante. Vestibulum ante ipsum primis in faucibus orci luctus et ultrices posuere cubilia Curae; Duis faucibus accumsan odio. Curabitur convallis.\n\nDuis consequat dui nec nisi volutpat eleifend. Donec ut dolor. Morbi vel lectus in quam fringilla rhoncus.', '1990-8-19'),
(5, 'Donec quis orci eget orci vehicula condimentum.', 'Duis consequat dui nec nisi volutpat eleifend. Donec ut dolor. Morbi vel lectus in quam fringilla rhoncus.\n\nMauris enim leo, rhoncus sed, vestibulum sit amet, cursus id, turpis. Integer aliquet, massa id lobortis convallis, tortor risus dapibus augue, vel accumsan tellus nisi eu orci. Mauris lacinia sapien quis libero.\n\nNullam sit amet turpis elementum ligula vehicula consequat. Morbi a ipsum. Integer a nibh.', '1990-8-19'),
(7, 'Morbi vel lectus in quam fringilla rhoncus.', 'Curabitur in libero ut massa volutpat convallis. Morbi odio odio, elementum eu, interdum eu, tincidunt in, leo. Maecenas pulvinar lobortis est.\n\nPhasellus sit amet erat. Nulla tempus. Vivamus in felis eu sapien cursus vestibulum.', '1990-8-19'),
(13, 'Proin eu mi.', 'Maecenas leo odio, condimentum id, luctus nec, molestie sed, justo. Pellentesque viverra pede ac diam. Cras pellentesque volutpat dui.\n\nMaecenas tristique, est et tempus semper, est quam pharetra magna, ac consequat metus sapien ut nunc. Vestibulum ante ipsum primis in faucibus orci luctus et ultrices posuere cubilia Curae; Mauris viverra diam vitae quam. Suspendisse potenti.', '1990-8-19'),
(14, 'Nulla ac enim.', 'Nam ultrices, libero non mattis pulvinar, nulla pede ullamcorper augue, a suscipit nulla elit ac nulla. Sed vel enim sit amet nunc viverra dapibus. Nulla suscipit ligula in lacus.', '1990-8-19'),
(17, 'Curabitur at ipsum ac tellus semper interdum. Mauris ullamcorper purus sit amet nulla.', 'Proin leo odio, porttitor id, consequat in, consequat ut, nulla. Sed accumsan felis. Ut at dolor quis odio consequat varius.\n\nInteger ac leo. Pellentesque ultrices mattis odio. Donec vitae nisi.\n\nNam ultrices, libero non mattis pulvinar, nulla pede ullamcorper augue, a suscipit nulla elit ac nulla. Sed vel enim sit amet nunc viverra dapibus. Nulla suscipit ligula in lacus.', '1990-8-19'),
(18, 'Mauris enim leo, rhoncus sed, vestibulum sit amet, cursus id, turpis.', 'Phasellus sit amet erat. Nulla tempus. Vivamus in felis eu sapien cursus vestibulum.\n\nProin eu mi. Nulla ac enim. In tempor, turpis nec euismod scelerisque, quam turpis adipiscing lorem, vitae mattis nibh ligula nec sem.', '1990-8-19'),
(18, 'Nulla tellus.', 'Proin eu mi. Nulla ac enim. In tempor, turpis nec euismod scelerisque, quam turpis adipiscing lorem, vitae mattis nibh ligula nec sem.\n\nDuis aliquam convallis nunc. Proin at turpis a pede posuere nonummy. Integer non velit.', '1990-8-19'),
(22, 'Donec semper sapien a libero. Nam dui.', 'Phasellus in felis. Donec semper sapien a libero. Nam dui.', '1990-8-19'),
(22, 'Maecenas tincidunt lacus at velit. Vivamus vel nulla eget eros elementum pellentesque.', 'In hac habitasse platea dictumst. Morbi vestibulum, velit id pretium iaculis, diam erat fermentum justo, nec condimentum neque sapien placerat ante. Nulla justo.', '1990-8-19'),
(27, 'Nullam molestie nibh in lectus. Pellentesque at nulla.', 'Suspendisse potenti. In eleifend quam a odio. In hac habitasse platea dictumst.\n\nMaecenas ut massa quis augue luctus tincidunt. Nulla mollis molestie lorem. Quisque ut erat.\n\nCurabitur gravida nisi at nibh. In hac habitasse platea dictumst. Aliquam augue quam, sollicitudin vitae, consectetuer eget, rutrum at, lorem.', '1990-8-19'),
(28, 'Aenean sit amet justo.', 'Duis consequat dui nec nisi volutpat eleifend. Donec ut dolor. Morbi vel lectus in quam fringilla rhoncus.\n\nMauris enim leo, rhoncus sed, vestibulum sit amet, cursus id, turpis. Integer aliquet, massa id lobortis convallis, tortor risus dapibus augue, vel accumsan tellus nisi eu orci. Mauris lacinia sapien quis libero.\n\nNullam sit amet turpis elementum ligula vehicula consequat. Morbi a ipsum. Integer a nibh.', '1990-8-19'),
(28, 'Nam dui.', 'Etiam vel augue. Vestibulum rutrum rutrum neque. Aenean auctor gravida sem.', '1990-8-19'),
(28, 'Sed accumsan felis.', 'Suspendisse potenti. In eleifend quam a odio. In hac habitasse platea dictumst.\n\nMaecenas ut massa quis augue luctus tincidunt. Nulla mollis molestie lorem. Quisque ut erat.\n\nCurabitur gravida nisi at nibh. In hac habitasse platea dictumst. Aliquam augue quam, sollicitudin vitae, consectetuer eget, rutrum at, lorem.', '1990-8-19'),
(29, 'Suspendisse potenti. Cras in purus eu magna vulputate luctus.', 'Proin eu mi. Nulla ac enim. In tempor, turpis nec euismod scelerisque, quam turpis adipiscing lorem, vitae mattis nibh ligula nec sem.\n\nDuis aliquam convallis nunc. Proin at turpis a pede posuere nonummy. Integer non velit.\n\nDonec diam neque, vestibulum eget, vulputate ut, ultrices vel, augue. Vestibulum ante ipsum primis in faucibus orci luctus et ultrices posuere cubilia Curae; Donec pharetra, magna vestibulum aliquet ultrices, erat tortor sollicitudin mi, sit amet lobortis sapien sapien non mi. Integer ac neque.', '1990-8-19'),
(30, 'Suspendisse accumsan tortor quis turpis.', 'Morbi non lectus. Aliquam sit amet diam in magna bibendum imperdiet. Nullam orci pede, venenatis non, sodales sed, tincidunt eu, felis.\n\nFusce posuere felis sed lacus. Morbi sem mauris, laoreet ut, rhoncus aliquet, pulvinar sed, nisl. Nunc rhoncus dui vel sem.\n\nSed sagittis. Nam congue, risus semper porta volutpat, quam pede lobortis ligula, sit amet eleifend pede libero quis orci. Nullam molestie nibh in lectus.', '1990-8-19'),
(31, 'Fusce posuere felis sed lacus. Morbi sem mauris, laoreet ut, rhoncus aliquet, pulvinar sed, nisl.', 'Integer ac leo. Pellentesque ultrices mattis odio. Donec vitae nisi.', '1990-8-19'),
(31, 'Nulla ac enim.', 'Integer ac leo. Pellentesque ultrices mattis odio. Donec vitae nisi.\n\nNam ultrices, libero non mattis pulvinar, nulla pede ullamcorper augue, a suscipit nulla elit ac nulla. Sed vel enim sit amet nunc viverra dapibus. Nulla suscipit ligula in lacus.', '1990-8-19'),
(32, 'Integer non velit.', 'Integer tincidunt ante vel ipsum. Praesent blandit lacinia erat. Vestibulum sed magna at nunc commodo placerat.', '1990-8-19'),
(32, 'Morbi a ipsum.', 'In hac habitasse platea dictumst. Morbi vestibulum, velit id pretium iaculis, diam erat fermentum justo, nec condimentum neque sapien placerat ante. Nulla justo.', '1990-8-19'),
(40, 'Donec ut mauris eget massa tempor convallis. Nulla neque libero, convallis eget, eleifend luctus, ul', 'Quisque id justo sit amet sapien dignissim vestibulum. Vestibulum ante ipsum primis in faucibus orci luctus et ultrices posuere cubilia Curae; Nulla dapibus dolor vel est. Donec odio justo, sollicitudin ut, suscipit a, feugiat et, eros.\n\nVestibulum ac est lacinia nisi venenatis tristique. Fusce congue, diam id ornare imperdiet, sapien urna pretium nisl, ut volutpat sapien arcu sed augue. Aliquam erat volutpat.\n\nIn congue. Etiam justo. Etiam pretium iaculis justo.', '1990-8-19'),
(40, 'Quisque ut erat.', 'Sed sagittis. Nam congue, risus semper porta volutpat, quam pede lobortis ligula, sit amet eleifend pede libero quis orci. Nullam molestie nibh in lectus.\n\nPellentesque at nulla. Suspendisse potenti. Cras in purus eu magna vulputate luctus.\n\nCum sociis natoque penatibus et magnis dis parturient montes, nascetur ridiculus mus. Vivamus vestibulum sagittis sapien. Cum sociis natoque penatibus et magnis dis parturient montes, nascetur ridiculus mus.', '1990-8-19'),
(48, 'Nunc nisl.', 'Quisque porta volutpat erat. Quisque erat eros, viverra eget, congue eget, semper rutrum, nulla. Nunc purus.\n\nPhasellus in felis. Donec semper sapien a libero. Nam dui.\n\nProin leo odio, porttitor id, consequat in, consequat ut, nulla. Sed accumsan felis. Ut at dolor quis odio consequat varius.', '1990-8-19'),
(55, 'Nulla neque libero, convallis eget, eleifend luctus, ultricies eu, nibh.', 'Morbi porttitor lorem id ligula. Suspendisse ornare consequat lectus. In est risus, auctor sed, tristique in, tempus sit amet, sem.\n\nFusce consequat. Nulla nisl. Nunc nisl.\n\nDuis bibendum, felis sed interdum venenatis, turpis enim blandit mi, in porttitor pede justo eu massa. Donec dapibus. Duis at velit eu est congue elementum.', '1990-8-19'),
(60, 'Donec dapibus.', 'Integer ac leo. Pellentesque ultrices mattis odio. Donec vitae nisi.\n\nNam ultrices, libero non mattis pulvinar, nulla pede ullamcorper augue, a suscipit nulla elit ac nulla. Sed vel enim sit amet nunc viverra dapibus. Nulla suscipit ligula in lacus.', '1990-8-19'),
(60, 'Proin interdum mauris non ligula pellentesque ultrices.', 'Etiam vel augue. Vestibulum rutrum rutrum neque. Aenean auctor gravida sem.\n\nPraesent id massa id nisl venenatis lacinia. Aenean sit amet justo. Morbi ut odio.\n\nCras mi pede, malesuada in, imperdiet et, commodo vulputate, justo. In blandit ultrices enim. Lorem ipsum dolor sit amet, consectetuer adipiscing elit.', '1990-8-19'),
(61, 'Etiam vel augue.', 'Curabitur gravida nisi at nibh. In hac habitasse platea dictumst. Aliquam augue quam, sollicitudin vitae, consectetuer eget, rutrum at, lorem.\n\nInteger tincidunt ante vel ipsum. Praesent blandit lacinia erat. Vestibulum sed magna at nunc commodo placerat.', '1990-8-19'),
(62, 'Proin at turpis a pede posuere nonummy.', 'Aenean lectus. Pellentesque eget nunc. Donec quis orci eget orci vehicula condimentum.\n\nCurabitur in libero ut massa volutpat convallis. Morbi odio odio, elementum eu, interdum eu, tincidunt in, leo. Maecenas pulvinar lobortis est.', '1990-8-19'),
(63, 'Maecenas ut massa quis augue luctus tincidunt. Nulla mollis molestie lorem.', 'Duis consequat dui nec nisi volutpat eleifend. Donec ut dolor. Morbi vel lectus in quam fringilla rhoncus.\n\nMauris enim leo, rhoncus sed, vestibulum sit amet, cursus id, turpis. Integer aliquet, massa id lobortis convallis, tortor risus dapibus augue, vel accumsan tellus nisi eu orci. Mauris lacinia sapien quis libero.\n\nNullam sit amet turpis elementum ligula vehicula consequat. Morbi a ipsum. Integer a nibh.', '1990-8-19'),
(64, 'Nullam sit amet turpis elementum ligula vehicula consequat. Morbi a ipsum.', 'Pellentesque at nulla. Suspendisse potenti. Cras in purus eu magna vulputate luctus.', '1990-8-19'),
(66, 'Donec odio justo, sollicitudin ut, suscipit a, feugiat et, eros.', 'Sed sagittis. Nam congue, risus semper porta volutpat, quam pede lobortis ligula, sit amet eleifend pede libero quis orci. Nullam molestie nibh in lectus.\n\nPellentesque at nulla. Suspendisse potenti. Cras in purus eu magna vulputate luctus.', '1990-8-19'),
(66, 'Nullam varius.', 'Cras non velit nec nisi vulputate nonummy. Maecenas tincidunt lacus at velit. Vivamus vel nulla eget eros elementum pellentesque.', '1990-8-19'),
(67, 'Nullam varius.', 'Duis consequat dui nec nisi volutpat eleifend. Donec ut dolor. Morbi vel lectus in quam fringilla rhoncus.', '1990-8-19'),
(70, 'In congue. Etiam justo.', 'Praesent blandit. Nam nulla. Integer pede justo, lacinia eget, tincidunt eget, tempus vel, pede.\n\nMorbi porttitor lorem id ligula. Suspendisse ornare consequat lectus. In est risus, auctor sed, tristique in, tempus sit amet, sem.\n\nFusce consequat. Nulla nisl. Nunc nisl.', '1990-8-19'),
(70, 'Integer aliquet, massa id lobortis convallis, tortor risus dapibus augue, vel accumsan tellus nisi e', 'Aenean lectus. Pellentesque eget nunc. Donec quis orci eget orci vehicula condimentum.\n\nCurabitur in libero ut massa volutpat convallis. Morbi odio odio, elementum eu, interdum eu, tincidunt in, leo. Maecenas pulvinar lobortis est.\n\nPhasellus sit amet erat. Nulla tempus. Vivamus in felis eu sapien cursus vestibulum.', '1990-8-19'),
(70, 'Nulla ut erat id mauris vulputate elementum.', 'Praesent id ma','1990-8-19');

INSERT INTO `contact_numbers` (`organization_ID`, `phone_number`) VALUES
(1, '(655) 4339091'),
(2, '(808) 7943139'),
(3, '(372) 3677967'),
(4, '(660) 4214908'),
(5, '(701) 7618739'),
(6, '(202) 9921862'),
(7, '(259) 6640563'),
(8, '(249) 2875532'),
(9, '(408) 1762163'),
(10, '(221) 3515521'),
(11, '(277) 9164728'),
(12, '(912) 5985156'),
(13, '(761) 5389595'),
(14, '(931) 8455683'),
(15, '(470) 7703459'),
(16, '(302) 5803881'),
(17, '(795) 8739712'),
(18, '(688) 8583472'),
(19, '(418) 6885709'),
(20, '(535) 2443808'),
(21, '(751) 6926542'),
(22, '(874) 7486254'),
(23, '(760) 9835213'),
(24, '(723) 8054509'),
(25, '(187) 9910606'),
(26, '(578) 7119258'),
(27, '(247) 7142140'),
(28, '(245) 6855190'),
(29, '(586) 6964321'),
(30, '(820) 4565814'),
(31, '(474) 6884507'),
(32, '(433) 3809317'),
(33, '(486) 7447132'),
(34, '(214) 6997388'),
(35, '(326) 6986500'),
(36, '(263) 9442266'),
(37, '(561) 7162310'),
(38, '(501) 9885391'),
(39, '(569) 7058153'),
(40, '(414) 5601051');

INSERT INTO scientific_director (researcher_ID, project_ID) VALUES
(1,1),
(1,2),
(1,3),
(41,4),
(81,5),
(41,6),
(81,7),
(1,8),
(41,9),
(82,10),
(43,11),
(84,12),
(5,13),
(46,14),
(87,15),
(47,16),
(87,17),
(7,18),
(48,19),
(8,20),
(88,21),
(49,22),
(50,23),
(90,24),
(50,25), 
(50,26),
(11,27),
(92,28),
(13,29),
(54,30),
(95,31),
(15,32),
(55,33),
(95,34),
(16,35),
(56,36),
(56,37),
(56,38),         
(96,39),         
(56,40),
(17,41),
(18,42),
(59,43),
(60,44),
(21,45),
(62,46),
(23,47),
(24,48),
(65,49),
(66,50),
(27,51),
(107,52),
(67,53),
(108,54),
(69,55),
(70,56),
(31,57),
(72,58),
(73,59),
(34,60),
(75,61),
(36,62),
(116,63),
(36,64),
(76,65),
(36,66),      
(37,67),
(77,68),
(117,69),
(77,70),
(38,71),
(78,72),
(118,73),
(118,74),
(39,75),        
(39,76),
(40,77),
(80,78),
(40,79),
(120,80),       
(80,81),       
(40,82),
(120,83),       
(40,84),       
(121,85),
(127,86),
(134,87),
(136,88),
(121,89),
(135,90);

/*last data*/
INSERT INTO project(ID,title,funds,start_date,end_date,summary,duration) VALUES
(91, 'Applications of modern art in psychology',808000,'2020-09-18','2023-01-08','The results where not good...',NULL),
(92, 'Applications of meds in cancer',800000,'2020-09-18','2023-01-09','The results weere not good...',NULL),
(93, 'Modern techincs in psychology',80809,'2020-09-25','2023-05-08','The results wer good...',NULL),
(94, 'Applications of  art in sociology',8000,'2020-10-06','2023-01-09','Wasnt good...',NULL),
(95, 'Applications of modern music in psychology',88000,'2020-11-18','2023-11-08','The results were not good...',NULL),
(96, 'Applications of modern music in sociohology',108000,'2020-12-20','2022-12-08','The results were not good...',NULL),
(97, 'Machine learning in Biology',10008000,'2020-01-20','2023-08-08','The results were good...',NULL),
(98, 'AI in sociology',808000,'2020-09-09','2023-01-10','The results were not good...',NULL),
(99, 'Applications of lazers',8090000,'2020-11-09','2023-01-08','The results were not good...',NULL),
(100,'MAchine learning in Astronomy',100000,'2020-05-02','2023-01-08','The results were extraordinery...',NULL),
(101,'MAchine learning in Space Industry',100000,'2021-06-02','2023-02-08','The results were extraordinery...',NULL),
(102,'MAchine learning in Physics',100000,'2021-07-02','2023-03-08','The results were extraordinery...',NULL),
(103,'MAchine learning in warfare',100000,'2021-08-02','2023-04-08','The results were extraordinery...',NULL),
(104,'MAchine learning in sociology',100000,'2021-09-02','2023-01-10','The results were extraordinery...',NULL),
(105,'MAchine learning in AI',110000,'2021-10-05','2023-01-08','The results were extraordinery...',NULL),
(106,'PANKS 2 ',100000,'2021-05-03','2023-01-08','The results were extraordinery...',NULL),
(107,'PANKS 3 ',100000,'2021-05-08','2023-01-08','The results were extraordinery...',NULL),
(108,'PANKS 4 ',100000,'2021-05-09','2023-01-08','The results were extraordinery...',NULL),
(109,'PANKS 5 ',100000,'2021-10-02','2023-01-08','The results were extraordinery...',NULL),
(110,'PANKS 2 ',100000,'2021-05-07','2023-01-08','The results were extraordinery...',NULL);

INSERT INTO organization(ID,name,abbreviation,address_PC,address_street,address_city,address_number) VALUES
(43,'ACME Lmtd','ACME',1300,'johns','London',130);

INSERT INTO researcher(ID,name,surname,date_of_birth,sex,age) VALUES
(156,'Marios','Dimitrakopoulos','1990-10-03','Male',NULL),
(157,'Alexis','Dimitrakos','1991-10-03','Male',NULL),
(158,'Maria','Dimitrakopoulou','1990-10-04','Female',NULL),
(159,'Eleanna','Fragkoy','1989-10-03','Female',NULL),
(160,'Linda','Giounteri','1991-8-30','Female',NULL);

INSERT INTO works_at(organization_ID,researcher_ID,starting_date) VALUES
(43,156,'2005-09-08'),
(43,157,'2005-09-08'),
(43,158,'2005-09-08'),
(43,159,'2005-09-08'),
(43,160,'2005-09-08');

INSERT INTO manages(project_ID,organization_ID) VALUES
(91, 43),
(92, 43),
(93, 43),
(94, 43),
(95, 43),
(96, 43),
(97, 43),
(98, 43),
(99, 43),
(100,43),
(101,43),
(102,43),
(103,43),
(104,43),
(105,43),
(106,43),
(107,43),
(108,43),
(109,43),
(110,43);

INSERT INTO works_at_project(project_ID,researcher_ID) VALUES
(91, 156),
(92, 156),
(93, 156),
(94, 156),
(95, 156),
(96, 156),
(97, 156),
(98, 156),
(99, 156),
(100,156),
(101,156),
(102,156),
(103,156),
(104,156),
(105,156),
(106,156),
(107,156),
(108,156),
(109,156),
(110,156),

(91, 157),
(92, 157),
(93, 157),
(94, 157),
(95, 157),
(96, 157),
(97, 157),
(98, 157),
(99, 157),
(100,157),
(101,157),
(102,157),
(103,157),
(104,157),
(105,157),
(106,157),
(107,157),
(108,157),
(109,157),
(110,157),

(91, 158),
(92, 158),
(93, 158),
(94, 158),
(95, 158),
(96, 158),
(97, 158),
(98, 158),
(99, 158),
(100,158),
(101,158),
(102,158),
(103,158),
(104,158),
(105,158),
(106,158),
(107,158),
(108,158),
(109,158),
(110,158),

(91, 159),
(92, 159),
(93, 159),
(94, 159),
(95, 159),
(96, 159),
(97, 159),
(98, 159),
(99, 159),
(100,159),
(101,159),
(102,159),
(103,159),
(104,159),
(105,159),
(106,159),
(107,159),
(108,159),
(109,159),
(110,159),

(91, 160),
(92, 160),
(93, 160),
(94, 160),
(95, 160),
(96, 160),
(97, 160),
(98, 160),
(99, 160),
(100,160),
(101,160),
(102,160),
(103,160),
(104,160),
(105,160),
(106,160),
(107,160),
(108,160),
(109,160),
(110,160);

INSERT INTO scientific_director(project_ID,researcher_ID) VALUES
(91, 160),
(92, 160),
(93, 160),
(94, 160),
(95, 160),
(96, 160),
(97, 160),
(98, 160),
(99, 160),
(100,160),
(101,160),
(102,160),
(103,160),
(104,160),
(105,160),
(106,160),
(107,160),
(108,160),
(109,160),
(110,160);

INSERT INTO review(project_ID,reviewer_ID,review_grade,review_date) VALUES
(91, 151,7,'2020-12-23'),
(92, 151,7,'2020-12-23'),
(93, 151,7,'2020-12-23'),
(94, 151,7,'2020-12-23'),
(95, 151,7,'2020-12-23'),
(96, 151,7,'2020-12-23'),
(97, 151,7,'2020-12-23'),
(98, 151,7,'2020-12-23'),
(99, 151,7,'2020-12-23'),
(100,151,7,'2020-12-23'),
(101,151,7,'2020-12-23'),
(102,151,7,'2020-12-23'),
(103,151,7,'2020-12-23'),
(104,151,7,'2020-12-23'),
(105,151,7,'2020-12-23'),
(106,151,7,'2020-12-23'),
(107,151,7,'2020-12-23'),
(108,151,7,'2020-12-23'),
(109,151,7,'2020-12-23'),
(110,151,7,'2020-12-23');
